hypergraph with 38198 vertices and 3781013 hyperarcs generated in 1475
21382 [0, 38400]: LP
	bnd = 38400.000000
	its = 92
	hyp = 1050 / 1411
	cut = 0
31793 [0, 38400]: LP
	bnd = 38400.000000
	its = 22
	hyp = 1155 / 2561
	cut = 196
37993 [0, 38400]: LP
	bnd = 38400.000000
	its = 8
	hyp = 1132 / 2905
	cut = 392
41880 [0, 38400]: LP
	bnd = 38400.000000
	its = 6
	hyp = 1088 / 3222
	cut = 584
46445 [0, 38400]: LP
	bnd = 38400.000000
	its = 6
	hyp = 1256 / 3556
	cut = 769
53583 [0, 38400]: LP
	bnd = 38400.000000
	its = 3
	hyp = 1158 / 3647
	cut = 953
59877 [0, 38400]: LP
	bnd = 38400.000000
	its = 3
	hyp = 1283 / 3788
	cut = 1130
65707 [0, 38400]: LP
	bnd = 38400.000000
	its = 2
	hyp = 1233 / 3832
	cut = 1299
72335 [0, 38400]: LP
	bnd = 38400.000000
	its = 2
	hyp = 1354 / 3904
	cut = 1467
78670 [0, 38400]: LP
	bnd = 38400.000000
	its = 2
	hyp = 1299 / 3961
	cut = 1629
85347 [0, 38400]: LP
	bnd = 38400.000000
	its = 2
	hyp = 1325 / 4027
	cut = 1791
88240 [0, 38400]: LP
	bnd = 38400.000000
	its = 2
	hyp = 1292 / 4100
	cut = 1955
96724 [0, 38400]: LP
	bnd = 38400.000000
	its = 2
	hyp = 1423 / 4150
	cut = 2123
103137 [0, 38400]: LP
	bnd = 38400.000000
	its = 2
	hyp = 1357 / 4216
	cut = 2288
111641 [0, 38400]: LP
	bnd = 38400.000000
	its = 3
	hyp = 1414 / 4404
	cut = 2446
117574 [0, 38400]: LP
	bnd = 38400.000000
	its = 1
	hyp = 1342 / 4404
	cut = 2604
123193 [0, 38400]: LP
	bnd = 38400.000000
	its = 1
	hyp = 1351 / 4404
	cut = 2763
129144 [0, 38400]: LP
	bnd = 38400.000000
	its = 1
	hyp = 1411 / 4404
	cut = 2920
132964 [0, 38400]: LP
	bnd = 38400.000000
	its = 2
	hyp = 1393 / 4512
	cut = 3073
137484 [0, 38400]: LP
	bnd = 38400.000000
	its = 1
	hyp = 1399 / 4512
	cut = 3224
146557 [0, 38400]: LP
	bnd = 38400.000000
	its = 2
	hyp = 1412 / 4584
	cut = 3376
153112 [0, 38400]: LP
	bnd = 38400.000000
	its = 1
	hyp = 1410 / 4584
	cut = 3525
157099 [0, 38400]: LP
	bnd = 38400.000000
	its = 2
	hyp = 1346 / 4680
	cut = 3671
161526 [0, 38400]: LP
	bnd = 38400.000000
	its = 1
	hyp = 1399 / 4680
	cut = 3826
166434 [0, 38400]: LP
	bnd = 38400.000000
	its = 1
	hyp = 1462 / 4680
	cut = 3979
170182 [0, 38400]: LP
	bnd = 38400.000000
	its = 2
	hyp = 1433 / 4763
	cut = 4133
178122 [0, 38400]: LP
	bnd = 38400.000000
	its = 1
	hyp = 1433 / 4763
	cut = 4287
183789 [0, 38400]: LP
	bnd = 38400.000000
	its = 1
	hyp = 1354 / 4763
	cut = 4438
187995 [0, 38400]: LP
	bnd = 38400.000000
	its = 3
	hyp = 1439 / 4846
	cut = 4592
196905 [0, 38400]: LP
	bnd = 38400.000000
	its = 2
	hyp = 1452 / 4928
	cut = 4749
203479 [0, 38400]: LP
	bnd = 38400.000000
	its = 1
	hyp = 1427 / 4928
	cut = 4904
213520 [0, 38400]: HEURISTIC 3
213893 [0, 38400]: LP
	bnd = 38400.000000
	its = 3
	hyp = 1623 / 5010
	cut = 5059
221974 [0, 38400]: LP
	bnd = 38400.000000
	its = 1
	hyp = 1448 / 5010
	cut = 5210
234341 [0, 38400]: LP
	bnd = 38400.000000
	its = 2
	hyp = 1473 / 5103
	cut = 5359
237700 [0, 38400]: LP
	bnd = 38400.000000
	its = 1
	hyp = 1385 / 5103
	cut = 5509
242965 [0, 38400]: LP
	bnd = 38400.000000
	its = 1
	hyp = 1360 / 5103
	cut = 5658
248220 [0, 38400]: LP
	bnd = 38400.000000
	its = 1
	hyp = 1277 / 5103
	cut = 5807
255231 [0, 38400]: LP
	bnd = 38400.000000
	its = 1
	hyp = 1369 / 5103
	cut = 5958
262220 [0, 38400]: LP
	bnd = 38400.000000
	its = 1
	hyp = 1431 / 5103
	cut = 6107
271171 [0, 38400]: LP
	bnd = 38400.000000
	its = 1
	hyp = 1355 / 5103
	cut = 6255
279113 [0, 38400]: LP
	bnd = 38400.000000
	its = 1
	hyp = 1503 / 5103
	cut = 6398
290162 [0, 38400]: LP
	bnd = 38400.000000
	its = 2
	hyp = 1319 / 5241
	cut = 6544
296921 [0, 38400]: LP
	bnd = 38400.000000
	its = 1
	hyp = 1340 / 5241
	cut = 6691
302736 [0, 38400]: LP
	bnd = 38400.000000
	its = 2
	hyp = 1593 / 5318
	cut = 6836
309124 [0, 38400]: LP
	bnd = 38400.000000
	its = 1
	hyp = 1548 / 5318
	cut = 6986
317278 [0, 38400]: LP
	bnd = 38400.000000
	its = 1
	hyp = 1447 / 5318
	cut = 7136
324702 [0, 38400]: LP
	bnd = 38400.000000
	its = 1
	hyp = 1458 / 5318
	cut = 7286
330572 [0, 38400]: LP
	bnd = 38400.000000
	its = 1
	hyp = 1448 / 5318
	cut = 7435
338422 [0, 38400]: LP
	bnd = 38400.000000
	its = 1
	hyp = 1302 / 5318
	cut = 7584
347183 [0, 38400]: LP
	bnd = 38400.000000
	its = 1
	hyp = 1363 / 5318
	cut = 7733
354915 [0, 38400]: LP
	bnd = 38400.000000
	its = 1
	hyp = 1334 / 5318
	cut = 7880
359968 [0, 38400]: LP
	bnd = 38400.000000
	its = 1
	hyp = 1397 / 5318
	cut = 8026
364156 [0, 38400]: LP
	bnd = 38400.000000
	its = 1
	hyp = 1321 / 5318
	cut = 8174
371035 [0, 38400]: LP
	bnd = 38400.000000
	its = 1
	hyp = 1280 / 5318
	cut = 8322
377988 [0, 38400]: LP
	bnd = 38400.000000
	its = 1
	hyp = 1271 / 5318
	cut = 8472
384615 [0, 38400]: LP
	bnd = 38400.000000
	its = 1
	hyp = 1256 / 5318
	cut = 8621
389821 [0, 38400]: LP
	bnd = 38400.000000
	its = 1
	hyp = 1365 / 5318
	cut = 8769
395306 [0, 38400]: LP
	bnd = 38400.000000
	its = 1
	hyp = 1325 / 5318
	cut = 8917
401748 [0, 38400]: LP
	bnd = 38400.000000
	its = 1
	hyp = 1233 / 5318
	cut = 9063
406108 [0, 38400]: LP
	bnd = 38400.000000
	its = 1
	hyp = 1319 / 5318
	cut = 9208
409937 [0, 38400]: LP
	bnd = 38400.000000
	its = 1
	hyp = 1244 / 5318
	cut = 9352
416866 [0, 38400]: LP
	bnd = 38400.000000
	its = 1
	hyp = 1244 / 5318
	cut = 9495
422037 [0, 38400]: LP
	bnd = 38400.000000
	its = 1
	hyp = 1222 / 5318
	cut = 9638
426667 [0, 38400]: LP
	bnd = 38400.000000
	its = 1
	hyp = 1234 / 5318
	cut = 9780
431509 [0, 38400]: LP
	bnd = 38400.000000
	its = 1
	hyp = 1192 / 5318
	cut = 9921
437356 [0, 38400]: LP
	bnd = 38400.000000
	its = 1
	hyp = 1221 / 5318
	cut = 10062
441964 [0, 38400]: LP
	bnd = 38400.000000
	its = 1
	hyp = 1160 / 5318
	cut = 10200
445757 [0, 38400]: LP
	bnd = 38400.000000
	its = 1
	hyp = 1158 / 5318
	cut = 10345
450077 [0, 38400]: LP
	bnd = 38400.000000
	its = 1
	hyp = 1159 / 5318
	cut = 10484
455408 [0, 38400]: LP
	bnd = 38400.000000
	its = 1
	hyp = 1175 / 5318
	cut = 10623
458953 [0, 38400]: LP
	bnd = 38400.000000
	its = 1
	hyp = 1185 / 5318
	cut = 10764
462639 [0, 38400]: LP
	bnd = 38400.000000
	its = 1
	hyp = 1180 / 5318
	cut = 10923
466154 [0, 38400]: LP
	bnd = 38400.000000
	its = 1
	hyp = 1175 / 5318
	cut = 11081
470420 [0, 38400]: LP
	bnd = 38400.000000
	its = 1
	hyp = 1180 / 5318
	cut = 11277
473754 [0, 38400]: LP
	bnd = 38400.000000
	its = 1
	hyp = 1296 / 5318
	cut = 11473
477369 [0, 38400]: LP
	bnd = 38400.000000
	its = 1
	hyp = 1183 / 5318
	cut = 11622
481534 [0, 38400]: LP
	bnd = 38400.000000
	its = 1
	hyp = 1184 / 5318
	cut = 11818
485452 [0, 38400]: LP
	bnd = 38400.000000
	its = 1
	hyp = 1325 / 5318
	cut = 12014
488905 [0, 38400]: LP
	bnd = 38400.000000
	its = 1
	hyp = 1172 / 5318
	cut = 12160
493954 [0, 38400]: LP
	bnd = 38400.000000
	its = 1
	hyp = 1160 / 5318
	cut = 12303
500062 [0, 38400]: LP
	bnd = 38400.000000
	its = 1
	hyp = 1159 / 5318
	cut = 12446
505198 [0, 38400]: LP
	bnd = 38400.000000
	its = 1
	hyp = 1152 / 5318
	cut = 12583
508796 [0, 38400]: LP
	bnd = 38400.000000
	its = 1
	hyp = 1513 / 5318
	cut = 12771
510945 [0, 38400]: LP
	bnd = 38400.000000
	its = 1
	hyp = 1497 / 5318
	cut = 12877
513084 [0, 38400]: LP
	bnd = 38400.000000
	its = 1
	hyp = 1497 / 5318
	cut = 12967
515153 [0, 38400]: LP
	bnd = 38400.000000
	its = 1
	hyp = 1497 / 5318
	cut = 13055
517196 [0, 38400]: LP
	bnd = 38400.000000
	its = 1
	hyp = 1497 / 5318
	cut = 13143
519261 [0, 38400]: LP
	bnd = 38400.000000
	its = 1
	hyp = 1519 / 5318
	cut = 13229
521287 [0, 38400]: LP
	bnd = 38400.000000
	its = 1
	hyp = 1519 / 5318
	cut = 13314
523292 [0, 38400]: LP
	bnd = 38400.000000
	its = 1
	hyp = 1519 / 5318
	cut = 13390
525295 [0, 38400]: LP
	bnd = 38400.000000
	its = 1
	hyp = 1519 / 5318
	cut = 13464
527264 [0, 38400]: LP
	bnd = 38400.000000
	its = 1
	hyp = 1519 / 5318
	cut = 13534
529230 [0, 38400]: LP
	bnd = 38400.000000
	its = 1
	hyp = 1519 / 5318
	cut = 13604
531180 [0, 38400]: LP
	bnd = 38400.000000
	its = 1
	hyp = 1519 / 5318
	cut = 13673
533167 [0, 38400]: LP
	bnd = 38400.000000
	its = 1
	hyp = 1544 / 5318
	cut = 13740
535101 [0, 38400]: LP
	bnd = 38400.000000
	its = 1
	hyp = 1544 / 5318
	cut = 13802
537046 [0, 38400]: LP
	bnd = 38400.000000
	its = 1
	hyp = 1522 / 5318
	cut = 13858
538940 [0, 38400]: LP
	bnd = 38400.000000
	its = 1
	hyp = 1522 / 5318
	cut = 13915
540803 [0, 38400]: LP
	bnd = 38400.000000
	its = 1
	hyp = 1522 / 5318
	cut = 13969
542655 [0, 38400]: LP
	bnd = 38400.000000
	its = 1
	hyp = 1522 / 5318
	cut = 14021
544534 [0, 38400]: LP
	bnd = 38400.000000
	its = 1
	hyp = 1613 / 5318
	cut = 14074
546408 [0, 38400]: LP
	bnd = 38400.000000
	its = 1
	hyp = 1610 / 5318
	cut = 14124
548231 [0, 38400]: LP
	bnd = 38400.000000
	its = 1
	hyp = 1610 / 5318
	cut = 14175
550071 [0, 38400]: LP
	bnd = 38400.000000
	its = 1
	hyp = 1608 / 5318
	cut = 14229
551868 [0, 38400]: LP
	bnd = 38400.000000
	its = 1
	hyp = 1608 / 5318
	cut = 14284
553668 [0, 38400]: LP
	bnd = 38400.000000
	its = 1
	hyp = 1608 / 5318
	cut = 14338
555454 [0, 38400]: LP
	bnd = 38400.000000
	its = 1
	hyp = 1608 / 5318
	cut = 14394
557222 [0, 38400]: LP
	bnd = 38400.000000
	its = 1
	hyp = 1608 / 5318
	cut = 14453
559014 [0, 38400]: LP
	bnd = 38400.000000
	its = 1
	hyp = 1590 / 5318
	cut = 14516
560756 [0, 38400]: LP
	bnd = 38400.000000
	its = 1
	hyp = 1590 / 5318
	cut = 14577
562497 [0, 38400]: LP
	bnd = 38400.000000
	its = 1
	hyp = 1590 / 5318
	cut = 14640
564231 [0, 38400]: LP
	bnd = 38400.000000
	its = 1
	hyp = 1590 / 5318
	cut = 14705
565944 [0, 38400]: LP
	bnd = 38400.000000
	its = 1
	hyp = 1590 / 5318
	cut = 14763
567629 [0, 38400]: LP
	bnd = 38400.000000
	its = 1
	hyp = 1590 / 5318
	cut = 14818
569303 [0, 38400]: LP
	bnd = 38400.000000
	its = 1
	hyp = 1590 / 5318
	cut = 14875
570938 [0, 38400]: LP
	bnd = 38400.000000
	its = 1
	hyp = 1590 / 5318
	cut = 14934
572609 [0, 38400]: LP
	bnd = 38400.000000
	its = 1
	hyp = 1548 / 5318
	cut = 14996
574243 [0, 38400]: LP
	bnd = 38400.000000
	its = 1
	hyp = 1548 / 5318
	cut = 15058
575864 [0, 38400]: LP
	bnd = 38400.000000
	its = 1
	hyp = 1548 / 5318
	cut = 15125
577511 [0, 38400]: LP
	bnd = 38400.000000
	its = 1
	hyp = 1548 / 5318
	cut = 15198
579125 [0, 38400]: LP
	bnd = 38400.000000
	its = 1
	hyp = 1548 / 5318
	cut = 15277
580728 [0, 38400]: LP
	bnd = 38400.000000
	its = 1
	hyp = 1548 / 5318
	cut = 15363
582368 [0, 38400]: LP
	bnd = 38400.000000
	its = 1
	hyp = 1630 / 5318
	cut = 15451
583953 [0, 38400]: LP
	bnd = 38400.000000
	its = 1
	hyp = 1630 / 5318
	cut = 15515
585529 [0, 38400]: LP
	bnd = 38400.000000
	its = 1
	hyp = 1630 / 5318
	cut = 15578
587099 [0, 38400]: LP
	bnd = 38400.000000
	its = 1
	hyp = 1630 / 5318
	cut = 15644
588665 [0, 38400]: LP
	bnd = 38400.000000
	its = 1
	hyp = 1630 / 5318
	cut = 15718
590215 [0, 38400]: LP
	bnd = 38400.000000
	its = 1
	hyp = 1630 / 5318
	cut = 15797
591751 [0, 38400]: LP
	bnd = 38400.000000
	its = 1
	hyp = 1630 / 5318
	cut = 15878
593297 [0, 38400]: LP
	bnd = 38400.000000
	its = 1
	hyp = 1630 / 5318
	cut = 15961
594830 [0, 38400]: LP
	bnd = 38400.000000
	its = 1
	hyp = 1630 / 5318
	cut = 16044
596350 [0, 38400]: LP
	bnd = 38400.000000
	its = 1
	hyp = 1630 / 5318
	cut = 16127
597862 [0, 38400]: LP
	bnd = 38400.000000
	its = 1
	hyp = 1630 / 5318
	cut = 16209
599368 [0, 38400]: LP
	bnd = 38400.000000
	its = 1
	hyp = 1630 / 5318
	cut = 16291
600873 [0, 38400]: LP
	bnd = 38400.000000
	its = 1
	hyp = 1630 / 5318
	cut = 16375
602380 [0, 38400]: LP
	bnd = 38400.000000
	its = 1
	hyp = 1630 / 5318
	cut = 16458
603892 [0, 38400]: LP
	bnd = 38400.000000
	its = 1
	hyp = 1630 / 5318
	cut = 16541
605438 [0, 38400]: LP
	bnd = 38400.000000
	its = 1
	hyp = 1522 / 5318
	cut = 16623
606961 [0, 38400]: LP
	bnd = 38400.000000
	its = 1
	hyp = 1522 / 5318
	cut = 16706
608491 [0, 38400]: LP
	bnd = 38400.000000
	its = 1
	hyp = 1522 / 5318
	cut = 16784
610035 [0, 38400]: LP
	bnd = 38400.000000
	its = 1
	hyp = 1522 / 5318
	cut = 16859
611609 [0, 38400]: LP
	bnd = 38400.000000
	its = 1
	hyp = 1522 / 5318
	cut = 16931
613206 [0, 38400]: LP
	bnd = 38400.000000
	its = 1
	hyp = 1522 / 5318
	cut = 17003
614717 [0, 38400]: LP
	bnd = 38400.000000
	its = 1
	hyp = 1522 / 5318
	cut = 17075
616221 [0, 38400]: LP
	bnd = 38400.000000
	its = 1
	hyp = 1522 / 5318
	cut = 17147
617731 [0, 38400]: LP
	bnd = 38400.000000
	its = 1
	hyp = 1522 / 5318
	cut = 17217
619286 [0, 38400]: LP
	bnd = 38400.000000
	its = 1
	hyp = 1578 / 5318
	cut = 17288
620809 [0, 38400]: LP
	bnd = 38400.000000
	its = 1
	hyp = 1578 / 5318
	cut = 17360
622373 [0, 38400]: LP
	bnd = 38400.000000
	its = 1
	hyp = 1652 / 5318
	cut = 17438
623897 [0, 38400]: LP
	bnd = 38400.000000
	its = 1
	hyp = 1652 / 5318
	cut = 17517
625448 [0, 38400]: LP
	bnd = 38400.000000
	its = 1
	hyp = 1652 / 5318
	cut = 17602
627005 [0, 38400]: LP
	bnd = 38400.000000
	its = 1
	hyp = 1652 / 5318
	cut = 17686
628663 [0, 38400]: LP
	bnd = 38400.000000
	its = 1
	hyp = 1620 / 5318
	cut = 17767
630196 [0, 38400]: LP
	bnd = 38400.000000
	its = 1
	hyp = 1620 / 5318
	cut = 17842
631720 [0, 38400]: LP
	bnd = 38400.000000
	its = 1
	hyp = 1620 / 5318
	cut = 17914
633244 [0, 38400]: LP
	bnd = 38400.000000
	its = 1
	hyp = 1620 / 5318
	cut = 17987
634764 [0, 38400]: LP
	bnd = 38400.000000
	its = 1
	hyp = 1620 / 5318
	cut = 18060
636275 [0, 38400]: LP
	bnd = 38400.000000
	its = 1
	hyp = 1620 / 5318
	cut = 18130
637783 [0, 38400]: LP
	bnd = 38400.000000
	its = 1
	hyp = 1620 / 5318
	cut = 18198
639302 [0, 38400]: LP
	bnd = 38400.000000
	its = 1
	hyp = 1620 / 5318
	cut = 18266
640817 [0, 38400]: LP
	bnd = 38400.000000
	its = 1
	hyp = 1620 / 5318
	cut = 18333
642326 [0, 38400]: LP
	bnd = 38400.000000
	its = 1
	hyp = 1620 / 5318
	cut = 18404
643853 [0, 38400]: LP
	bnd = 38400.000000
	its = 1
	hyp = 1620 / 5318
	cut = 18475
645351 [0, 38400]: LP
	bnd = 38400.000000
	its = 1
	hyp = 1620 / 5318
	cut = 18546
646875 [0, 38400]: LP
	bnd = 38400.000000
	its = 1
	hyp = 1620 / 5318
	cut = 18615
648391 [0, 38400]: LP
	bnd = 38400.000000
	its = 1
	hyp = 1620 / 5318
	cut = 18684
649898 [0, 38400]: LP
	bnd = 38400.000000
	its = 1
	hyp = 1620 / 5318
	cut = 18753
651405 [0, 38400]: LP
	bnd = 38400.000000
	its = 1
	hyp = 1620 / 5318
	cut = 18823
652956 [0, 38400]: LP
	bnd = 38400.000000
	its = 1
	hyp = 1573 / 5318
	cut = 18893
654468 [0, 38400]: LP
	bnd = 38400.000000
	its = 1
	hyp = 1573 / 5318
	cut = 18965
655974 [0, 38400]: LP
	bnd = 38400.000000
	its = 1
	hyp = 1573 / 5318
	cut = 19037
657488 [0, 38400]: LP
	bnd = 38400.000000
	its = 1
	hyp = 1573 / 5318
	cut = 19109
659002 [0, 38400]: LP
	bnd = 38400.000000
	its = 1
	hyp = 1573 / 5318
	cut = 19181
660503 [0, 38400]: LP
	bnd = 38400.000000
	its = 1
	hyp = 1573 / 5318
	cut = 19255
662002 [0, 38400]: LP
	bnd = 38400.000000
	its = 1
	hyp = 1573 / 5318
	cut = 19331
663508 [0, 38400]: LP
	bnd = 38400.000000
	its = 1
	hyp = 1573 / 5318
	cut = 19409
665016 [0, 38400]: LP
	bnd = 38400.000000
	its = 1
	hyp = 1573 / 5318
	cut = 19486
666540 [0, 38400]: LP
	bnd = 38400.000000
	its = 1
	hyp = 1573 / 5318
	cut = 19564
668048 [0, 38400]: LP
	bnd = 38400.000000
	its = 1
	hyp = 1573 / 5318
	cut = 19642
669570 [0, 38400]: LP
	bnd = 38400.000000
	its = 1
	hyp = 1573 / 5318
	cut = 19722
671122 [0, 38400]: LP
	bnd = 38400.000000
	its = 1
	hyp = 1573 / 5318
	cut = 19802
672630 [0, 38400]: LP
	bnd = 38400.000000
	its = 1
	hyp = 1573 / 5318
	cut = 19882
674142 [0, 38400]: LP
	bnd = 38400.000000
	its = 1
	hyp = 1573 / 5318
	cut = 19962
675644 [0, 38400]: LP
	bnd = 38400.000000
	its = 1
	hyp = 1573 / 5318
	cut = 20042
677165 [0, 38400]: LP
	bnd = 38400.000000
	its = 1
	hyp = 1573 / 5318
	cut = 20121
678681 [0, 38400]: LP
	bnd = 38400.000000
	its = 1
	hyp = 1573 / 5318
	cut = 20200
680175 [0, 38400]: LP
	bnd = 38400.000000
	its = 1
	hyp = 1573 / 5318
	cut = 20279
681726 [0, 38400]: LP
	bnd = 38400.000000
	its = 1
	hyp = 1573 / 5318
	cut = 20358
683246 [0, 38400]: LP
	bnd = 38400.000000
	its = 1
	hyp = 1573 / 5318
	cut = 20437
684763 [0, 38400]: LP
	bnd = 38400.000000
	its = 1
	hyp = 1573 / 5318
	cut = 20516
686265 [0, 38400]: LP
	bnd = 38400.000000
	its = 1
	hyp = 1573 / 5318
	cut = 20592
687784 [0, 38400]: LP
	bnd = 38400.000000
	its = 1
	hyp = 1573 / 5318
	cut = 20668
689300 [0, 38400]: LP
	bnd = 38400.000000
	its = 1
	hyp = 1573 / 5318
	cut = 20744
690815 [0, 38400]: LP
	bnd = 38400.000000
	its = 1
	hyp = 1573 / 5318
	cut = 20820
692333 [0, 38400]: LP
	bnd = 38400.000000
	its = 1
	hyp = 1573 / 5318
	cut = 20896
693843 [0, 38400]: LP
	bnd = 38400.000000
	its = 1
	hyp = 1573 / 5318
	cut = 20972
695359 [0, 38400]: LP
	bnd = 38400.000000
	its = 1
	hyp = 1573 / 5318
	cut = 21048
696862 [0, 38400]: LP
	bnd = 38400.000000
	its = 1
	hyp = 1573 / 5318
	cut = 21124
698388 [0, 38400]: LP
	bnd = 38400.000000
	its = 1
	hyp = 1573 / 5318
	cut = 21200
699915 [0, 38400]: LP
	bnd = 38400.000000
	its = 1
	hyp = 1573 / 5318
	cut = 21276
701480 [0, 38400]: LP
	bnd = 38400.000000
	its = 1
	hyp = 1573 / 5318
	cut = 21352
702999 [0, 38400]: LP
	bnd = 38400.000000
	its = 1
	hyp = 1573 / 5318
	cut = 21428
704518 [0, 38400]: LP
	bnd = 38400.000000
	its = 1
	hyp = 1573 / 5318
	cut = 21506
706028 [0, 38400]: LP
	bnd = 38400.000000
	its = 1
	hyp = 1573 / 5318
	cut = 21584
707549 [0, 38400]: LP
	bnd = 38400.000000
	its = 1
	hyp = 1573 / 5318
	cut = 21662
709048 [0, 38400]: LP
	bnd = 38400.000000
	its = 1
	hyp = 1573 / 5318
	cut = 21740
710547 [0, 38400]: LP
	bnd = 38400.000000
	its = 1
	hyp = 1573 / 5318
	cut = 21818
712066 [0, 38400]: LP
	bnd = 38400.000000
	its = 1
	hyp = 1573 / 5318
	cut = 21896
713593 [0, 38400]: LP
	bnd = 38400.000000
	its = 1
	hyp = 1573 / 5318
	cut = 21974
715110 [0, 38400]: LP
	bnd = 38400.000000
	its = 1
	hyp = 1573 / 5318
	cut = 22052
716656 [0, 38400]: LP
	bnd = 38400.000000
	its = 1
	hyp = 1573 / 5318
	cut = 22130
718208 [0, 38400]: LP
	bnd = 38400.000000
	its = 1
	hyp = 1573 / 5318
	cut = 22208
719725 [0, 38400]: LP
	bnd = 38400.000000
	its = 1
	hyp = 1573 / 5318
	cut = 22286
721257 [0, 38400]: LP
	bnd = 38400.000000
	its = 1
	hyp = 1573 / 5318
	cut = 22364
722772 [0, 38400]: LP
	bnd = 38400.000000
	its = 1
	hyp = 1573 / 5318
	cut = 22442
724297 [0, 38400]: LP
	bnd = 38400.000000
	its = 1
	hyp = 1573 / 5318
	cut = 22520
725830 [0, 38400]: LP
	bnd = 38400.000000
	its = 1
	hyp = 1573 / 5318
	cut = 22598
727344 [0, 38400]: LP
	bnd = 38400.000000
	its = 1
	hyp = 1573 / 5318
	cut = 22676
728854 [0, 38400]: LP
	bnd = 38400.000000
	its = 1
	hyp = 1573 / 5318
	cut = 22754
730379 [0, 38400]: LP
	bnd = 38400.000000
	its = 1
	hyp = 1573 / 5318
	cut = 22832
731889 [0, 38400]: LP
	bnd = 38400.000000
	its = 1
	hyp = 1573 / 5318
	cut = 22910
733395 [0, 38400]: LP
	bnd = 38400.000000
	its = 1
	hyp = 1573 / 5318
	cut = 22988
734903 [0, 38400]: LP
	bnd = 38400.000000
	its = 1
	hyp = 1573 / 5318
	cut = 23066
736405 [0, 38400]: LP
	bnd = 38400.000000
	its = 1
	hyp = 1573 / 5318
	cut = 23144
737916 [0, 38400]: LP
	bnd = 38400.000000
	its = 1
	hyp = 1573 / 5318
	cut = 23222
739427 [0, 38400]: LP
	bnd = 38400.000000
	its = 1
	hyp = 1573 / 5318
	cut = 23300
740959 [0, 38400]: LP
	bnd = 38400.000000
	its = 1
	hyp = 1573 / 5318
	cut = 23378
742493 [0, 38400]: LP
	bnd = 38400.000000
	its = 1
	hyp = 1573 / 5318
	cut = 23456
744010 [0, 38400]: LP
	bnd = 38400.000000
	its = 1
	hyp = 1573 / 5318
	cut = 23534
745535 [0, 38400]: LP
	bnd = 38400.000000
	its = 1
	hyp = 1573 / 5318
	cut = 23612
747048 [0, 38400]: LP
	bnd = 38400.000000
	its = 1
	hyp = 1573 / 5318
	cut = 23690
748561 [0, 38400]: LP
	bnd = 38400.000000
	its = 1
	hyp = 1573 / 5318
	cut = 23768
750079 [0, 38400]: LP
	bnd = 38400.000000
	its = 1
	hyp = 1573 / 5318
	cut = 23846
751587 [0, 38400]: LP
	bnd = 38400.000000
	its = 1
	hyp = 1573 / 5318
	cut = 23924
753093 [0, 38400]: LP
	bnd = 38400.000000
	its = 1
	hyp = 1573 / 5318
	cut = 24002
754618 [0, 38400]: LP
	bnd = 38400.000000
	its = 1
	hyp = 1573 / 5318
	cut = 24080
756157 [0, 38400]: LP
	bnd = 38400.000000
	its = 1
	hyp = 1573 / 5318
	cut = 24158
757682 [0, 38400]: LP
	bnd = 38400.000000
	its = 1
	hyp = 1573 / 5318
	cut = 24236
759212 [0, 38400]: LP
	bnd = 38400.000000
	its = 1
	hyp = 1573 / 5318
	cut = 24314
760734 [0, 38400]: LP
	bnd = 38400.000000
	its = 1
	hyp = 1573 / 5318
	cut = 24392
762262 [0, 38400]: LP
	bnd = 38400.000000
	its = 1
	hyp = 1573 / 5318
	cut = 24470
763766 [0, 38400]: LP
	bnd = 38400.000000
	its = 1
	hyp = 1573 / 5318
	cut = 24548
765311 [0, 38400]: LP
	bnd = 38400.000000
	its = 1
	hyp = 1573 / 5318
	cut = 24626
766862 [0, 38400]: LP
	bnd = 38400.000000
	its = 1
	hyp = 1573 / 5318
	cut = 24704
768402 [0, 38400]: LP
	bnd = 38400.000000
	its = 1
	hyp = 1573 / 5318
	cut = 24782
769938 [0, 38400]: LP
	bnd = 38400.000000
	its = 1
	hyp = 1573 / 5318
	cut = 24860
771461 [0, 38400]: LP
	bnd = 38400.000000
	its = 1
	hyp = 1573 / 5318
	cut = 24938
773009 [0, 38400]: LP
	bnd = 38400.000000
	its = 1
	hyp = 1573 / 5318
	cut = 25016
774543 [0, 38400]: LP
	bnd = 38400.000000
	its = 1
	hyp = 1573 / 5318
	cut = 25094
776063 [0, 38400]: LP
	bnd = 38400.000000
	its = 1
	hyp = 1573 / 5318
	cut = 25172
777592 [0, 38400]: LP
	bnd = 38400.000000
	its = 1
	hyp = 1573 / 5318
	cut = 25250
779100 [0, 38400]: LP
	bnd = 38400.000000
	its = 1
	hyp = 1573 / 5318
	cut = 25328
780612 [0, 38400]: LP
	bnd = 38400.000000
	its = 1
	hyp = 1573 / 5318
	cut = 25406
782127 [0, 38400]: LP
	bnd = 38400.000000
	its = 1
	hyp = 1573 / 5318
	cut = 25484
783652 [0, 38400]: LP
	bnd = 38400.000000
	its = 1
	hyp = 1573 / 5318
	cut = 25562
785181 [0, 38400]: LP
	bnd = 38400.000000
	its = 1
	hyp = 1573 / 5318
	cut = 25640
786704 [0, 38400]: LP
	bnd = 38400.000000
	its = 1
	hyp = 1573 / 5318
	cut = 25718
788242 [0, 38400]: LP
	bnd = 38400.000000
	its = 1
	hyp = 1573 / 5318
	cut = 25796
789758 [0, 38400]: LP
	bnd = 38400.000000
	its = 1
	hyp = 1573 / 5318
	cut = 25874
791280 [0, 38400]: LP
	bnd = 38400.000000
	its = 1
	hyp = 1573 / 5318
	cut = 25952
792815 [0, 38400]: LP
	bnd = 38400.000000
	its = 1
	hyp = 1573 / 5318
	cut = 26030
794362 [0, 38400]: LP
	bnd = 38400.000000
	its = 1
	hyp = 1573 / 5318
	cut = 26108
795902 [0, 38400]: LP
	bnd = 38400.000000
	its = 1
	hyp = 1573 / 5318
	cut = 26186
797446 [0, 38400]: LP
	bnd = 38400.000000
	its = 1
	hyp = 1573 / 5318
	cut = 26264
798976 [0, 38400]: LP
	bnd = 38400.000000
	its = 1
	hyp = 1573 / 5318
	cut = 26342
800498 [0, 38400]: LP
	bnd = 38400.000000
	its = 1
	hyp = 1573 / 5318
	cut = 26420
802022 [0, 38400]: LP
	bnd = 38400.000000
	its = 1
	hyp = 1573 / 5318
	cut = 26498
803539 [0, 38400]: LP
	bnd = 38400.000000
	its = 1
	hyp = 1573 / 5318
	cut = 26576
805088 [0, 38400]: LP
	bnd = 38400.000000
	its = 1
	hyp = 1573 / 5318
	cut = 26654
806631 [0, 38400]: LP
	bnd = 38400.000000
	its = 1
	hyp = 1573 / 5318
	cut = 26732
808175 [0, 38400]: LP
	bnd = 38400.000000
	its = 1
	hyp = 1573 / 5318
	cut = 26810
809702 [0, 38400]: LP
	bnd = 38400.000000
	its = 1
	hyp = 1573 / 5318
	cut = 26888
811232 [0, 38400]: LP
	bnd = 38400.000000
	its = 1
	hyp = 1573 / 5318
	cut = 26966
812763 [0, 38400]: LP
	bnd = 38400.000000
	its = 1
	hyp = 1573 / 5318
	cut = 27044
814289 [0, 38400]: LP
	bnd = 38400.000000
	its = 1
	hyp = 1573 / 5318
	cut = 27122
815814 [0, 38400]: LP
	bnd = 38400.000000
	its = 1
	hyp = 1573 / 5318
	cut = 27200
817366 [0, 38400]: LP
	bnd = 38400.000000
	its = 1
	hyp = 1573 / 5318
	cut = 27278
818911 [0, 38400]: LP
	bnd = 38400.000000
	its = 1
	hyp = 1573 / 5318
	cut = 27356
820455 [0, 38400]: LP
	bnd = 38400.000000
	its = 1
	hyp = 1573 / 5318
	cut = 27434
821981 [0, 38400]: LP
	bnd = 38400.000000
	its = 1
	hyp = 1573 / 5318
	cut = 27512
823535 [0, 38400]: LP
	bnd = 38400.000000
	its = 1
	hyp = 1573 / 5318
	cut = 27590
825087 [0, 38400]: LP
	bnd = 38400.000000
	its = 1
	hyp = 1573 / 5318
	cut = 27668
826625 [0, 38400]: LP
	bnd = 38400.000000
	its = 1
	hyp = 1573 / 5318
	cut = 27746
828171 [0, 38400]: LP
	bnd = 38400.000000
	its = 1
	hyp = 1573 / 5318
	cut = 27824
829695 [0, 38400]: LP
	bnd = 38400.000000
	its = 1
	hyp = 1573 / 5318
	cut = 27902
831228 [0, 38400]: LP
	bnd = 38400.000000
	its = 1
	hyp = 1573 / 5318
	cut = 27980
832745 [0, 38400]: LP
	bnd = 38400.000000
	its = 1
	hyp = 1573 / 5318
	cut = 28058
834248 [0, 38400]: LP
	bnd = 38400.000000
	its = 1
	hyp = 1573 / 5318
	cut = 28136
835795 [0, 38400]: LP
	bnd = 38400.000000
	its = 1
	hyp = 1573 / 5318
	cut = 28214
837348 [0, 38400]: LP
	bnd = 38400.000000
	its = 1
	hyp = 1573 / 5318
	cut = 28292
838876 [0, 38400]: LP
	bnd = 38400.000000
	its = 1
	hyp = 1573 / 5318
	cut = 28370
840413 [0, 38400]: LP
	bnd = 38400.000000
	its = 1
	hyp = 1573 / 5318
	cut = 28448
841949 [0, 38400]: LP
	bnd = 38400.000000
	its = 1
	hyp = 1573 / 5318
	cut = 28526
843495 [0, 38400]: LP
	bnd = 38400.000000
	its = 1
	hyp = 1573 / 5318
	cut = 28604
845030 [0, 38400]: LP
	bnd = 38400.000000
	its = 1
	hyp = 1573 / 5318
	cut = 28682
846570 [0, 38400]: LP
	bnd = 38400.000000
	its = 1
	hyp = 1573 / 5318
	cut = 28760
848101 [0, 38400]: LP
	bnd = 38400.000000
	its = 1
	hyp = 1573 / 5318
	cut = 28838
849654 [0, 38400]: LP
	bnd = 38400.000000
	its = 1
	hyp = 1573 / 5318
	cut = 28916
851208 [0, 38400]: LP
	bnd = 38400.000000
	its = 1
	hyp = 1573 / 5318
	cut = 28994
852745 [0, 38400]: LP
	bnd = 38400.000000
	its = 1
	hyp = 1573 / 5318
	cut = 29072
854291 [0, 38400]: LP
	bnd = 38400.000000
	its = 1
	hyp = 1573 / 5318
	cut = 29150
855836 [0, 38400]: LP
	bnd = 38400.000000
	its = 1
	hyp = 1573 / 5318
	cut = 29228
857374 [0, 38400]: LP
	bnd = 38400.000000
	its = 1
	hyp = 1573 / 5318
	cut = 29306
858906 [0, 38400]: LP
	bnd = 38400.000000
	its = 1
	hyp = 1573 / 5318
	cut = 29384
860430 [0, 38400]: LP
	bnd = 38400.000000
	its = 1
	hyp = 1573 / 5318
	cut = 29462
861952 [0, 38400]: LP
	bnd = 38400.000000
	its = 1
	hyp = 1573 / 5318
	cut = 29540
863511 [0, 38400]: LP
	bnd = 38400.000000
	its = 1
	hyp = 1573 / 5318
	cut = 29618
865067 [0, 38400]: LP
	bnd = 38400.000000
	its = 1
	hyp = 1573 / 5318
	cut = 29696
866623 [0, 38400]: LP
	bnd = 38400.000000
	its = 1
	hyp = 1573 / 5318
	cut = 29774
868169 [0, 38400]: LP
	bnd = 38400.000000
	its = 1
	hyp = 1573 / 5318
	cut = 29852
869738 [0, 38400]: LP
	bnd = 38400.000000
	its = 1
	hyp = 1573 / 5318
	cut = 29930
871281 [0, 38400]: LP
	bnd = 38400.000000
	its = 1
	hyp = 1573 / 5318
	cut = 30008
872840 [0, 38400]: LP
	bnd = 38400.000000
	its = 1
	hyp = 1573 / 5318
	cut = 30086
874385 [0, 38400]: LP
	bnd = 38400.000000
	its = 1
	hyp = 1573 / 5318
	cut = 30164
875921 [0, 38400]: LP
	bnd = 38400.000000
	its = 1
	hyp = 1573 / 5318
	cut = 30242
877449 [0, 38400]: LP
	bnd = 38400.000000
	its = 1
	hyp = 1573 / 5318
	cut = 30320
878996 [0, 38400]: LP
	bnd = 38400.000000
	its = 1
	hyp = 1573 / 5318
	cut = 30398
880563 [0, 38400]: LP
	bnd = 38400.000000
	its = 1
	hyp = 1573 / 5318
	cut = 30476
882179 [0, 38400]: LP
	bnd = 38400.000000
	its = 1
	hyp = 1573 / 5318
	cut = 30554
883722 [0, 38400]: LP
	bnd = 38400.000000
	its = 1
	hyp = 1573 / 5318
	cut = 30632
885274 [0, 38400]: LP
	bnd = 38400.000000
	its = 1
	hyp = 1573 / 5318
	cut = 30710
886803 [0, 38400]: LP
	bnd = 38400.000000
	its = 1
	hyp = 1573 / 5318
	cut = 30788
888330 [0, 38400]: LP
	bnd = 38400.000000
	its = 1
	hyp = 1573 / 5318
	cut = 30866
889878 [0, 38400]: LP
	bnd = 38400.000000
	its = 1
	hyp = 1573 / 5318
	cut = 30944
891438 [0, 38400]: LP
	bnd = 38400.000000
	its = 1
	hyp = 1573 / 5318
	cut = 31022
892982 [0, 38400]: LP
	bnd = 38400.000000
	its = 1
	hyp = 1573 / 5318
	cut = 31100
894519 [0, 38400]: LP
	bnd = 38400.000000
	its = 1
	hyp = 1573 / 5318
	cut = 31178
896060 [0, 38400]: LP
	bnd = 38400.000000
	its = 1
	hyp = 1573 / 5318
	cut = 31256
897607 [0, 38400]: LP
	bnd = 38400.000000
	its = 1
	hyp = 1573 / 5318
	cut = 31334
899152 [0, 38400]: LP
	bnd = 38400.000000
	its = 1
	hyp = 1573 / 5318
	cut = 31412
900702 [0, 38400]: LP
	bnd = 38400.000000
	its = 1
	hyp = 1573 / 5318
	cut = 31490
902256 [0, 38400]: LP
	bnd = 38400.000000
	its = 1
	hyp = 1573 / 5318
	cut = 31568
903818 [0, 38400]: LP
	bnd = 38400.000000
	its = 1
	hyp = 1573 / 5318
	cut = 31646
905385 [0, 38400]: LP
	bnd = 38400.000000
	its = 1
	hyp = 1573 / 5318
	cut = 31724
906938 [0, 38400]: LP
	bnd = 38400.000000
	its = 1
	hyp = 1573 / 5318
	cut = 31802
908495 [0, 38400]: LP
	bnd = 38400.000000
	its = 1
	hyp = 1573 / 5318
	cut = 31880
910044 [0, 38400]: LP
	bnd = 38400.000000
	its = 1
	hyp = 1573 / 5318
	cut = 31958
911589 [0, 38400]: LP
	bnd = 38400.000000
	its = 1
	hyp = 1573 / 5318
	cut = 32036
913127 [0, 38400]: LP
	bnd = 38400.000000
	its = 1
	hyp = 1573 / 5318
	cut = 32114
914674 [0, 38400]: LP
	bnd = 38400.000000
	its = 1
	hyp = 1573 / 5318
	cut = 32192
916210 [0, 38400]: LP
	bnd = 38400.000000
	its = 1
	hyp = 1573 / 5318
	cut = 32270
917773 [0, 38400]: LP
	bnd = 38400.000000
	its = 1
	hyp = 1573 / 5318
	cut = 32348
919347 [0, 38400]: LP
	bnd = 38400.000000
	its = 1
	hyp = 1573 / 5318
	cut = 32426
920912 [0, 38400]: LP
	bnd = 38400.000000
	its = 1
	hyp = 1573 / 5318
	cut = 32504
922461 [0, 38400]: LP
	bnd = 38400.000000
	its = 1
	hyp = 1573 / 5318
	cut = 32582
924019 [0, 38400]: LP
	bnd = 38400.000000
	its = 1
	hyp = 1573 / 5318
	cut = 32660
925581 [0, 38400]: LP
	bnd = 38400.000000
	its = 1
	hyp = 1573 / 5318
	cut = 32738
927134 [0, 38400]: LP
	bnd = 38400.000000
	its = 1
	hyp = 1573 / 5318
	cut = 32816
928696 [0, 38400]: LP
	bnd = 38400.000000
	its = 1
	hyp = 1573 / 5318
	cut = 32894
930250 [0, 38400]: LP
	bnd = 38400.000000
	its = 1
	hyp = 1573 / 5318
	cut = 32972
931826 [0, 38400]: LP
	bnd = 38400.000000
	its = 1
	hyp = 1573 / 5318
	cut = 33050
933416 [0, 38400]: LP
	bnd = 38400.000000
	its = 1
	hyp = 1573 / 5318
	cut = 33128
934973 [0, 38400]: LP
	bnd = 38400.000000
	its = 1
	hyp = 1573 / 5318
	cut = 33206
936523 [0, 38400]: LP
	bnd = 38400.000000
	its = 1
	hyp = 1573 / 5318
	cut = 33284
938090 [0, 38400]: LP
	bnd = 38400.000000
	its = 1
	hyp = 1573 / 5318
	cut = 33362
939645 [0, 38400]: LP
	bnd = 38400.000000
	its = 1
	hyp = 1573 / 5318
	cut = 33440
941206 [0, 38400]: LP
	bnd = 38400.000000
	its = 1
	hyp = 1573 / 5318
	cut = 33518
942757 [0, 38400]: LP
	bnd = 38400.000000
	its = 1
	hyp = 1573 / 5318
	cut = 33596
944320 [0, 38400]: LP
	bnd = 38400.000000
	its = 1
	hyp = 1573 / 5318
	cut = 33674
945863 [0, 38400]: LP
	bnd = 38400.000000
	its = 1
	hyp = 1573 / 5318
	cut = 33752
947427 [0, 38400]: LP
	bnd = 38400.000000
	its = 1
	hyp = 1573 / 5318
	cut = 33830
948976 [0, 38400]: LP
	bnd = 38400.000000
	its = 1
	hyp = 1573 / 5318
	cut = 33908
950538 [0, 38400]: LP
	bnd = 38400.000000
	its = 1
	hyp = 1573 / 5318
	cut = 33986
952100 [0, 38400]: LP
	bnd = 38400.000000
	its = 1
	hyp = 1573 / 5318
	cut = 34064
953660 [0, 38400]: LP
	bnd = 38400.000000
	its = 1
	hyp = 1573 / 5318
	cut = 34142
955224 [0, 38400]: LP
	bnd = 38400.000000
	its = 1
	hyp = 1573 / 5318
	cut = 34220
956819 [0, 38400]: LP
	bnd = 38400.000000
	its = 1
	hyp = 1573 / 5318
	cut = 34298
958411 [0, 38400]: LP
	bnd = 38400.000000
	its = 1
	hyp = 1573 / 5318
	cut = 34376
959988 [0, 38400]: LP
	bnd = 38400.000000
	its = 1
	hyp = 1573 / 5318
	cut = 34454
961558 [0, 38400]: LP
	bnd = 38400.000000
	its = 1
	hyp = 1573 / 5318
	cut = 34532
963122 [0, 38400]: LP
	bnd = 38400.000000
	its = 1
	hyp = 1573 / 5318
	cut = 34610
964696 [0, 38400]: LP
	bnd = 38400.000000
	its = 1
	hyp = 1573 / 5318
	cut = 34688
966252 [0, 38400]: LP
	bnd = 38400.000000
	its = 1
	hyp = 1573 / 5318
	cut = 34766
967827 [0, 38400]: LP
	bnd = 38400.000000
	its = 1
	hyp = 1573 / 5318
	cut = 34844
969416 [0, 38400]: LP
	bnd = 38400.000000
	its = 1
	hyp = 1573 / 5318
	cut = 34922
971003 [0, 38400]: LP
	bnd = 38400.000000
	its = 1
	hyp = 1573 / 5318
	cut = 35000
972573 [0, 38400]: LP
	bnd = 38400.000000
	its = 1
	hyp = 1573 / 5318
	cut = 35078
974133 [0, 38400]: LP
	bnd = 38400.000000
	its = 1
	hyp = 1573 / 5318
	cut = 35156
975708 [0, 38400]: LP
	bnd = 38400.000000
	its = 1
	hyp = 1573 / 5318
	cut = 35234
977287 [0, 38400]: LP
	bnd = 38400.000000
	its = 1
	hyp = 1573 / 5318
	cut = 35312
978871 [0, 38400]: LP
	bnd = 38400.000000
	its = 1
	hyp = 1573 / 5318
	cut = 35390
980435 [0, 38400]: LP
	bnd = 38400.000000
	its = 1
	hyp = 1573 / 5318
	cut = 35468
982012 [0, 38400]: LP
	bnd = 38400.000000
	its = 1
	hyp = 1573 / 5318
	cut = 35546
983580 [0, 38400]: LP
	bnd = 38400.000000
	its = 1
	hyp = 1573 / 5318
	cut = 35624
985169 [0, 38400]: LP
	bnd = 38400.000000
	its = 1
	hyp = 1573 / 5318
	cut = 35702
986759 [0, 38400]: LP
	bnd = 38400.000000
	its = 1
	hyp = 1573 / 5318
	cut = 35780
988355 [0, 38400]: LP
	bnd = 38400.000000
	its = 1
	hyp = 1573 / 5318
	cut = 35858
989980 [0, 38400]: LP
	bnd = 38400.000000
	its = 1
	hyp = 1573 / 5318
	cut = 35936
991561 [0, 38400]: LP
	bnd = 38400.000000
	its = 1
	hyp = 1573 / 5318
	cut = 36014
993250 [0, 38400]: LP
	bnd = 38400.000000
	its = 1
	hyp = 1573 / 5318
	cut = 36092
994906 [0, 38400]: LP
	bnd = 38400.000000
	its = 1
	hyp = 1573 / 5318
	cut = 36170
996510 [0, 38400]: LP
	bnd = 38400.000000
	its = 1
	hyp = 1573 / 5318
	cut = 36248
998097 [0, 38400]: LP
	bnd = 38400.000000
	its = 1
	hyp = 1573 / 5318
	cut = 36326
999678 [0, 38400]: LP
	bnd = 38400.000000
	its = 1
	hyp = 1573 / 5318
	cut = 36404
1001250 [0, 38400]: LP
	bnd = 38400.000000
	its = 1
	hyp = 1573 / 5318
	cut = 36482
1002811 [0, 38400]: LP
	bnd = 38400.000000
	its = 1
	hyp = 1573 / 5318
	cut = 36560
1004396 [0, 38400]: LP
	bnd = 38400.000000
	its = 1
	hyp = 1573 / 5318
	cut = 36638
1005989 [0, 38400]: LP
	bnd = 38400.000000
	its = 1
	hyp = 1573 / 5318
	cut = 36716
1007591 [0, 38400]: LP
	bnd = 38400.000000
	its = 1
	hyp = 1573 / 5318
	cut = 36794
1009172 [0, 38400]: LP
	bnd = 38400.000000
	its = 1
	hyp = 1573 / 5318
	cut = 36872
1010745 [0, 38400]: LP
	bnd = 38400.000000
	its = 1
	hyp = 1573 / 5318
	cut = 36950
1012321 [0, 38400]: LP
	bnd = 38400.000000
	its = 1
	hyp = 1573 / 5318
	cut = 37028
1013893 [0, 38400]: LP
	bnd = 38400.000000
	its = 1
	hyp = 1573 / 5318
	cut = 37106
1015466 [0, 38400]: LP
	bnd = 38400.000000
	its = 1
	hyp = 1573 / 5318
	cut = 37184
1017047 [0, 38400]: LP
	bnd = 38400.000000
	its = 1
	hyp = 1573 / 5318
	cut = 37262
1018621 [0, 38400]: LP
	bnd = 38400.000000
	its = 1
	hyp = 1573 / 5318
	cut = 37340
1020176 [0, 38400]: LP
	bnd = 38400.000000
	its = 1
	hyp = 1573 / 5318
	cut = 37418
1021779 [0, 38400]: LP
	bnd = 38400.000000
	its = 1
	hyp = 1573 / 5318
	cut = 37496
1023378 [0, 38400]: LP
	bnd = 38400.000000
	its = 1
	hyp = 1573 / 5318
	cut = 37574
1024978 [0, 38400]: LP
	bnd = 38400.000000
	its = 1
	hyp = 1573 / 5318
	cut = 37652
1026554 [0, 38400]: LP
	bnd = 38400.000000
	its = 1
	hyp = 1573 / 5318
	cut = 37730
1028147 [0, 38400]: LP
	bnd = 38400.000000
	its = 1
	hyp = 1573 / 5318
	cut = 37808
1029727 [0, 38400]: LP
	bnd = 38400.000000
	its = 1
	hyp = 1573 / 5318
	cut = 37886
1031303 [0, 38400]: LP
	bnd = 38400.000000
	its = 1
	hyp = 1573 / 5318
	cut = 37964
1032886 [0, 38400]: LP
	bnd = 38400.000000
	its = 1
	hyp = 1573 / 5318
	cut = 38042
1034459 [0, 38400]: LP
	bnd = 38400.000000
	its = 1
	hyp = 1573 / 5318
	cut = 38120
1036034 [0, 38400]: LP
	bnd = 38400.000000
	its = 1
	hyp = 1573 / 5318
	cut = 38198
1037616 [0, 38400]: LP
	bnd = 38400.000000
	its = 1
	hyp = 1573 / 5318
	cut = 38276
1039220 [0, 38400]: LP
	bnd = 38400.000000
	its = 1
	hyp = 1573 / 5318
	cut = 38354
1040824 [0, 38400]: LP
	bnd = 38400.000000
	its = 1
	hyp = 1573 / 5318
	cut = 38432
1042441 [0, 38400]: LP
	bnd = 38400.000000
	its = 1
	hyp = 1573 / 5318
	cut = 38510
1044034 [0, 38400]: LP
	bnd = 38400.000000
	its = 1
	hyp = 1573 / 5318
	cut = 38588
1045631 [0, 38400]: LP
	bnd = 38400.000000
	its = 1
	hyp = 1573 / 5318
	cut = 38666
1047219 [0, 38400]: LP
	bnd = 38400.000000
	its = 1
	hyp = 1573 / 5318
	cut = 38744
1048803 [0, 38400]: LP
	bnd = 38400.000000
	its = 1
	hyp = 1573 / 5318
	cut = 38822
1050408 [0, 38400]: LP
	bnd = 38400.000000
	its = 1
	hyp = 1573 / 5318
	cut = 38900
1052100 [0, 38400]: LP
	bnd = 38400.000000
	its = 1
	hyp = 1573 / 5318
	cut = 38978
1053720 [0, 38400]: LP
	bnd = 38400.000000
	its = 1
	hyp = 1573 / 5318
	cut = 39056
1055342 [0, 38400]: LP
	bnd = 38400.000000
	its = 1
	hyp = 1573 / 5318
	cut = 39134
1056983 [0, 38400]: LP
	bnd = 38400.000000
	its = 1
	hyp = 1573 / 5318
	cut = 39212
1058578 [0, 38400]: LP
	bnd = 38400.000000
	its = 1
	hyp = 1573 / 5318
	cut = 39290
1060171 [0, 38400]: LP
	bnd = 38400.000000
	its = 1
	hyp = 1573 / 5318
	cut = 39368
1061766 [0, 38400]: LP
	bnd = 38400.000000
	its = 1
	hyp = 1573 / 5318
	cut = 39446
1063367 [0, 38400]: LP
	bnd = 38400.000000
	its = 1
	hyp = 1573 / 5318
	cut = 39524
1064944 [0, 38400]: LP
	bnd = 38400.000000
	its = 1
	hyp = 1573 / 5318
	cut = 39602
1066605 [0, 38400]: LP
	bnd = 38400.000000
	its = 1
	hyp = 1573 / 5318
	cut = 39680
1068200 [0, 38400]: LP
	bnd = 38400.000000
	its = 1
	hyp = 1573 / 5318
	cut = 39758
1069781 [0, 38400]: LP
	bnd = 38400.000000
	its = 1
	hyp = 1573 / 5318
	cut = 39836
1071408 [0, 38400]: LP
	bnd = 38400.000000
	its = 1
	hyp = 1573 / 5318
	cut = 39914
1073139 [0, 38400]: LP
	bnd = 38400.000000
	its = 1
	hyp = 1573 / 5318
	cut = 39992
1074831 [0, 38400]: LP
	bnd = 38400.000000
	its = 1
	hyp = 1573 / 5318
	cut = 40070
1076447 [0, 38400]: LP
	bnd = 38400.000000
	its = 1
	hyp = 1573 / 5318
	cut = 40148
1078052 [0, 38400]: LP
	bnd = 38400.000000
	its = 1
	hyp = 1573 / 5318
	cut = 40226
1079667 [0, 38400]: LP
	bnd = 38400.000000
	its = 1
	hyp = 1573 / 5318
	cut = 40304
1081270 [0, 38400]: LP
	bnd = 38400.000000
	its = 1
	hyp = 1573 / 5318
	cut = 40382
1082901 [0, 38400]: LP
	bnd = 38400.000000
	its = 1
	hyp = 1573 / 5318
	cut = 40460
1084494 [0, 38400]: LP
	bnd = 38400.000000
	its = 1
	hyp = 1573 / 5318
	cut = 40538
1086063 [0, 38400]: LP
	bnd = 38400.000000
	its = 1
	hyp = 1573 / 5318
	cut = 40616
1087687 [0, 38400]: LP
	bnd = 38400.000000
	its = 1
	hyp = 1573 / 5318
	cut = 40694
1089303 [0, 38400]: LP
	bnd = 38400.000000
	its = 1
	hyp = 1573 / 5318
	cut = 40772
1090940 [0, 38400]: LP
	bnd = 38400.000000
	its = 1
	hyp = 1573 / 5318
	cut = 40850
1092539 [0, 38400]: LP
	bnd = 38400.000000
	its = 1
	hyp = 1573 / 5318
	cut = 40928
1094130 [0, 38400]: LP
	bnd = 38400.000000
	its = 1
	hyp = 1573 / 5318
	cut = 41006
1095734 [0, 38400]: LP
	bnd = 38400.000000
	its = 1
	hyp = 1573 / 5318
	cut = 41084
1097330 [0, 38400]: LP
	bnd = 38400.000000
	its = 1
	hyp = 1573 / 5318
	cut = 41162
1098916 [0, 38400]: LP
	bnd = 38400.000000
	its = 1
	hyp = 1573 / 5318
	cut = 41240
1100520 [0, 38400]: LP
	bnd = 38400.000000
	its = 1
	hyp = 1573 / 5318
	cut = 41318
1102142 [0, 38400]: LP
	bnd = 38400.000000
	its = 1
	hyp = 1573 / 5318
	cut = 41396
1103766 [0, 38400]: LP
	bnd = 38400.000000
	its = 1
	hyp = 1573 / 5318
	cut = 41474
1105371 [0, 38400]: LP
	bnd = 38400.000000
	its = 1
	hyp = 1573 / 5318
	cut = 41552
1106998 [0, 38400]: LP
	bnd = 38400.000000
	its = 1
	hyp = 1573 / 5318
	cut = 41630
1108623 [0, 38400]: LP
	bnd = 38400.000000
	its = 1
	hyp = 1573 / 5318
	cut = 41708
1110218 [0, 38400]: LP
	bnd = 38400.000000
	its = 1
	hyp = 1573 / 5318
	cut = 41786
1111813 [0, 38400]: LP
	bnd = 38400.000000
	its = 1
	hyp = 1573 / 5318
	cut = 41864
1113420 [0, 38400]: LP
	bnd = 38400.000000
	its = 1
	hyp = 1573 / 5318
	cut = 41942
1115018 [0, 38400]: LP
	bnd = 38400.000000
	its = 1
	hyp = 1573 / 5318
	cut = 42020
1116603 [0, 38400]: LP
	bnd = 38400.000000
	its = 1
	hyp = 1573 / 5318
	cut = 42098
1118190 [0, 38400]: LP
	bnd = 38400.000000
	its = 1
	hyp = 1573 / 5318
	cut = 42176
1119821 [0, 38400]: LP
	bnd = 38400.000000
	its = 1
	hyp = 1573 / 5318
	cut = 42254
1121455 [0, 38400]: LP
	bnd = 38400.000000
	its = 1
	hyp = 1573 / 5318
	cut = 42332
1123062 [0, 38400]: LP
	bnd = 38400.000000
	its = 1
	hyp = 1573 / 5318
	cut = 42410
1124663 [0, 38400]: LP
	bnd = 38400.000000
	its = 1
	hyp = 1573 / 5318
	cut = 42488
1126272 [0, 38400]: LP
	bnd = 38400.000000
	its = 1
	hyp = 1573 / 5318
	cut = 42566
1127866 [0, 38400]: LP
	bnd = 38400.000000
	its = 1
	hyp = 1573 / 5318
	cut = 42644
1129450 [0, 38400]: LP
	bnd = 38400.000000
	its = 1
	hyp = 1573 / 5318
	cut = 42722
1131078 [0, 38400]: LP
	bnd = 38400.000000
	its = 1
	hyp = 1573 / 5318
	cut = 42800
1132714 [0, 38400]: LP
	bnd = 38400.000000
	its = 1
	hyp = 1573 / 5318
	cut = 42878
1134324 [0, 38400]: LP
	bnd = 38400.000000
	its = 1
	hyp = 1573 / 5318
	cut = 42956
1135923 [0, 38400]: LP
	bnd = 38400.000000
	its = 1
	hyp = 1573 / 5318
	cut = 43034
1137533 [0, 38400]: LP
	bnd = 38400.000000
	its = 1
	hyp = 1573 / 5318
	cut = 43112
1139135 [0, 38400]: LP
	bnd = 38400.000000
	its = 1
	hyp = 1573 / 5318
	cut = 43190
1140732 [0, 38400]: LP
	bnd = 38400.000000
	its = 1
	hyp = 1573 / 5318
	cut = 43268
1142375 [0, 38400]: LP
	bnd = 38400.000000
	its = 1
	hyp = 1573 / 5318
	cut = 43346
1144027 [0, 38400]: LP
	bnd = 38400.000000
	its = 1
	hyp = 1573 / 5318
	cut = 43424
1145696 [0, 38400]: LP
	bnd = 38400.000000
	its = 1
	hyp = 1573 / 5318
	cut = 43502
1147364 [0, 38400]: LP
	bnd = 38400.000000
	its = 1
	hyp = 1573 / 5318
	cut = 43580
1149037 [0, 38400]: LP
	bnd = 38400.000000
	its = 1
	hyp = 1573 / 5318
	cut = 43658
1150720 [0, 38400]: LP
	bnd = 38400.000000
	its = 1
	hyp = 1573 / 5318
	cut = 43736
1152337 [0, 38400]: LP
	bnd = 38400.000000
	its = 1
	hyp = 1573 / 5318
	cut = 43814
1153948 [0, 38400]: LP
	bnd = 38400.000000
	its = 1
	hyp = 1573 / 5318
	cut = 43892
1155543 [0, 38400]: LP
	bnd = 38400.000000
	its = 1
	hyp = 1573 / 5318
	cut = 43970
1157121 [0, 38400]: LP
	bnd = 38400.000000
	its = 1
	hyp = 1573 / 5318
	cut = 44048
1158733 [0, 38400]: LP
	bnd = 38400.000000
	its = 1
	hyp = 1573 / 5318
	cut = 44126
1160365 [0, 38400]: LP
	bnd = 38400.000000
	its = 1
	hyp = 1573 / 5318
	cut = 44204
1161979 [0, 38400]: LP
	bnd = 38400.000000
	its = 1
	hyp = 1573 / 5318
	cut = 44282
1163573 [0, 38400]: LP
	bnd = 38400.000000
	its = 1
	hyp = 1573 / 5318
	cut = 44360
1165187 [0, 38400]: LP
	bnd = 38400.000000
	its = 1
	hyp = 1573 / 5318
	cut = 44438
1166778 [0, 38400]: LP
	bnd = 38400.000000
	its = 1
	hyp = 1573 / 5318
	cut = 44516
1168368 [0, 38400]: LP
	bnd = 38400.000000
	its = 1
	hyp = 1573 / 5318
	cut = 44594
1169967 [0, 38400]: LP
	bnd = 38400.000000
	its = 1
	hyp = 1573 / 5318
	cut = 44672
1171595 [0, 38400]: LP
	bnd = 38400.000000
	its = 1
	hyp = 1573 / 5318
	cut = 44750
1173232 [0, 38400]: LP
	bnd = 38400.000000
	its = 1
	hyp = 1573 / 5318
	cut = 44828
1174853 [0, 38400]: LP
	bnd = 38400.000000
	its = 1
	hyp = 1573 / 5318
	cut = 44906
1176473 [0, 38400]: LP
	bnd = 38400.000000
	its = 1
	hyp = 1573 / 5318
	cut = 44984
1178074 [0, 38400]: LP
	bnd = 38400.000000
	its = 1
	hyp = 1573 / 5318
	cut = 45062
1179665 [0, 38400]: LP
	bnd = 38400.000000
	its = 1
	hyp = 1573 / 5318
	cut = 45140
1181276 [0, 38400]: LP
	bnd = 38400.000000
	its = 1
	hyp = 1573 / 5318
	cut = 45218
1182878 [0, 38400]: LP
	bnd = 38400.000000
	its = 1
	hyp = 1573 / 5318
	cut = 45296
1184492 [0, 38400]: LP
	bnd = 38400.000000
	its = 1
	hyp = 1573 / 5318
	cut = 45374
1186121 [0, 38400]: LP
	bnd = 38400.000000
	its = 1
	hyp = 1573 / 5318
	cut = 45452
1187727 [0, 38400]: LP
	bnd = 38400.000000
	its = 1
	hyp = 1573 / 5318
	cut = 45530
1189334 [0, 38400]: LP
	bnd = 38400.000000
	its = 1
	hyp = 1573 / 5318
	cut = 45608
1190950 [0, 38400]: LP
	bnd = 38400.000000
	its = 1
	hyp = 1573 / 5318
	cut = 45686
1192543 [0, 38400]: LP
	bnd = 38400.000000
	its = 1
	hyp = 1573 / 5318
	cut = 45764
1194135 [0, 38400]: LP
	bnd = 38400.000000
	its = 1
	hyp = 1573 / 5318
	cut = 45842
1195742 [0, 38400]: LP
	bnd = 38400.000000
	its = 1
	hyp = 1573 / 5318
	cut = 45920
1197353 [0, 38400]: LP
	bnd = 38400.000000
	its = 1
	hyp = 1573 / 5318
	cut = 45998
1198968 [0, 38400]: LP
	bnd = 38400.000000
	its = 1
	hyp = 1573 / 5318
	cut = 46076
1200581 [0, 38400]: LP
	bnd = 38400.000000
	its = 1
	hyp = 1573 / 5318
	cut = 46154
1202190 [0, 38400]: LP
	bnd = 38400.000000
	its = 1
	hyp = 1573 / 5318
	cut = 46232
1203810 [0, 38400]: LP
	bnd = 38400.000000
	its = 1
	hyp = 1573 / 5318
	cut = 46310
1205435 [0, 38400]: LP
	bnd = 38400.000000
	its = 1
	hyp = 1573 / 5318
	cut = 46388
1207010 [0, 38400]: LP
	bnd = 38400.000000
	its = 1
	hyp = 1573 / 5318
	cut = 46466
1208652 [0, 38400]: LP
	bnd = 38400.000000
	its = 1
	hyp = 1573 / 5318
	cut = 46544
1210292 [0, 38400]: LP
	bnd = 38400.000000
	its = 1
	hyp = 1573 / 5318
	cut = 46622
1211938 [0, 38400]: LP
	bnd = 38400.000000
	its = 1
	hyp = 1573 / 5318
	cut = 46700
1213546 [0, 38400]: LP
	bnd = 38400.000000
	its = 1
	hyp = 1573 / 5318
	cut = 46778
1215150 [0, 38400]: LP
	bnd = 38400.000000
	its = 1
	hyp = 1573 / 5318
	cut = 46856
1216754 [0, 38400]: LP
	bnd = 38400.000000
	its = 1
	hyp = 1573 / 5318
	cut = 46934
1218357 [0, 38400]: LP
	bnd = 38400.000000
	its = 1
	hyp = 1573 / 5318
	cut = 47012
1219982 [0, 38400]: LP
	bnd = 38400.000000
	its = 1
	hyp = 1573 / 5318
	cut = 47090
1221616 [0, 38400]: LP
	bnd = 38400.000000
	its = 1
	hyp = 1573 / 5318
	cut = 47168
1223230 [0, 38400]: LP
	bnd = 38400.000000
	its = 1
	hyp = 1573 / 5318
	cut = 47246
1224841 [0, 38400]: LP
	bnd = 38400.000000
	its = 1
	hyp = 1573 / 5318
	cut = 47324
1226453 [0, 38400]: LP
	bnd = 38400.000000
	its = 1
	hyp = 1573 / 5318
	cut = 47402
1228036 [0, 38400]: LP
	bnd = 38400.000000
	its = 1
	hyp = 1573 / 5318
	cut = 47480
1229657 [0, 38400]: LP
	bnd = 38400.000000
	its = 1
	hyp = 1573 / 5318
	cut = 47558
1231294 [0, 38400]: LP
	bnd = 38400.000000
	its = 1
	hyp = 1573 / 5318
	cut = 47636
1232906 [0, 38400]: LP
	bnd = 38400.000000
	its = 1
	hyp = 1573 / 5318
	cut = 47714
1234527 [0, 38400]: LP
	bnd = 38400.000000
	its = 1
	hyp = 1573 / 5318
	cut = 47792
1236152 [0, 38400]: LP
	bnd = 38400.000000
	its = 1
	hyp = 1573 / 5318
	cut = 47870
1237795 [0, 38400]: LP
	bnd = 38400.000000
	its = 1
	hyp = 1573 / 5318
	cut = 47948
1239402 [0, 38400]: LP
	bnd = 38400.000000
	its = 1
	hyp = 1573 / 5318
	cut = 48026
1241065 [0, 38400]: LP
	bnd = 38400.000000
	its = 1
	hyp = 1573 / 5318
	cut = 48104
1242677 [0, 38400]: LP
	bnd = 38400.000000
	its = 1
	hyp = 1573 / 5318
	cut = 48182
1244283 [0, 38400]: LP
	bnd = 38400.000000
	its = 1
	hyp = 1573 / 5318
	cut = 48260
1245932 [0, 38400]: LP
	bnd = 38400.000000
	its = 1
	hyp = 1573 / 5318
	cut = 48338
1247575 [0, 38400]: LP
	bnd = 38400.000000
	its = 1
	hyp = 1573 / 5318
	cut = 48416
1249208 [0, 38400]: LP
	bnd = 38400.000000
	its = 1
	hyp = 1573 / 5318
	cut = 48494
1250825 [0, 38400]: LP
	bnd = 38400.000000
	its = 1
	hyp = 1573 / 5318
	cut = 48572
1252436 [0, 38400]: LP
	bnd = 38400.000000
	its = 1
	hyp = 1573 / 5318
	cut = 48650
1254040 [0, 38400]: LP
	bnd = 38400.000000
	its = 1
	hyp = 1573 / 5318
	cut = 48728
1255649 [0, 38400]: LP
	bnd = 38400.000000
	its = 1
	hyp = 1573 / 5318
	cut = 48806
1257298 [0, 38400]: LP
	bnd = 38400.000000
	its = 1
	hyp = 1573 / 5318
	cut = 48884
1258941 [0, 38400]: LP
	bnd = 38400.000000
	its = 1
	hyp = 1573 / 5318
	cut = 48962
1260574 [0, 38400]: LP
	bnd = 38400.000000
	its = 1
	hyp = 1573 / 5318
	cut = 49040
1262181 [0, 38400]: LP
	bnd = 38400.000000
	its = 1
	hyp = 1573 / 5318
	cut = 49118
1263764 [0, 38400]: LP
	bnd = 38400.000000
	its = 1
	hyp = 1573 / 5318
	cut = 49196
1265418 [0, 38400]: LP
	bnd = 38400.000000
	its = 1
	hyp = 1573 / 5318
	cut = 49274
1267064 [0, 38400]: LP
	bnd = 38400.000000
	its = 1
	hyp = 1573 / 5318
	cut = 49352
1268698 [0, 38400]: LP
	bnd = 38400.000000
	its = 1
	hyp = 1573 / 5318
	cut = 49430
1270348 [0, 38400]: LP
	bnd = 38400.000000
	its = 1
	hyp = 1573 / 5318
	cut = 49508
1271990 [0, 38400]: LP
	bnd = 38400.000000
	its = 1
	hyp = 1573 / 5318
	cut = 49586
1273621 [0, 38400]: LP
	bnd = 38400.000000
	its = 1
	hyp = 1573 / 5318
	cut = 49664
1275243 [0, 38400]: LP
	bnd = 38400.000000
	its = 1
	hyp = 1573 / 5318
	cut = 49742
1276870 [0, 38400]: LP
	bnd = 38400.000000
	its = 1
	hyp = 1573 / 5318
	cut = 49820
1278480 [0, 38400]: LP
	bnd = 38400.000000
	its = 1
	hyp = 1573 / 5318
	cut = 49898
1280142 [0, 38400]: LP
	bnd = 38400.000000
	its = 1
	hyp = 1573 / 5318
	cut = 49976
1281799 [0, 38400]: LP
	bnd = 38400.000000
	its = 1
	hyp = 1573 / 5318
	cut = 50054
1283453 [0, 38400]: LP
	bnd = 38400.000000
	its = 1
	hyp = 1573 / 5318
	cut = 50132
1285093 [0, 38400]: LP
	bnd = 38400.000000
	its = 1
	hyp = 1573 / 5318
	cut = 50210
1286723 [0, 38400]: LP
	bnd = 38400.000000
	its = 1
	hyp = 1573 / 5318
	cut = 50288
1288356 [0, 38400]: LP
	bnd = 38400.000000
	its = 1
	hyp = 1573 / 5318
	cut = 50366
1289987 [0, 38400]: LP
	bnd = 38400.000000
	its = 1
	hyp = 1573 / 5318
	cut = 50444
1291599 [0, 38400]: LP
	bnd = 38400.000000
	its = 1
	hyp = 1573 / 5318
	cut = 50522
1293251 [0, 38400]: LP
	bnd = 38400.000000
	its = 1
	hyp = 1573 / 5318
	cut = 50600
1294904 [0, 38400]: LP
	bnd = 38400.000000
	its = 1
	hyp = 1573 / 5318
	cut = 50678
1296540 [0, 38400]: LP
	bnd = 38400.000000
	its = 1
	hyp = 1573 / 5318
	cut = 50756
1298280 [0, 38400]: LP
	bnd = 38400.000000
	its = 1
	hyp = 1573 / 5318
	cut = 50834
1299918 [0, 38400]: LP
	bnd = 38400.000000
	its = 1
	hyp = 1573 / 5318
	cut = 50912
1301543 [0, 38400]: LP
	bnd = 38400.000000
	its = 1
	hyp = 1573 / 5318
	cut = 50990
1303169 [0, 38400]: LP
	bnd = 38400.000000
	its = 1
	hyp = 1573 / 5318
	cut = 51068
1304790 [0, 38400]: LP
	bnd = 38400.000000
	its = 1
	hyp = 1573 / 5318
	cut = 51146
1306420 [0, 38400]: LP
	bnd = 38400.000000
	its = 1
	hyp = 1573 / 5318
	cut = 51224
1308037 [0, 38400]: LP
	bnd = 38400.000000
	its = 1
	hyp = 1573 / 5318
	cut = 51302
1309690 [0, 38400]: LP
	bnd = 38400.000000
	its = 1
	hyp = 1573 / 5318
	cut = 51380
1311341 [0, 38400]: LP
	bnd = 38400.000000
	its = 1
	hyp = 1573 / 5318
	cut = 51458
1313007 [0, 38400]: LP
	bnd = 38400.000000
	its = 1
	hyp = 1573 / 5318
	cut = 51536
1314665 [0, 38400]: LP
	bnd = 38400.000000
	its = 1
	hyp = 1573 / 5318
	cut = 51614
1316304 [0, 38400]: LP
	bnd = 38400.000000
	its = 1
	hyp = 1573 / 5318
	cut = 51692
1317925 [0, 38400]: LP
	bnd = 38400.000000
	its = 1
	hyp = 1573 / 5318
	cut = 51770
1319545 [0, 38400]: LP
	bnd = 38400.000000
	its = 1
	hyp = 1573 / 5318
	cut = 51848
1321161 [0, 38400]: LP
	bnd = 38400.000000
	its = 1
	hyp = 1573 / 5318
	cut = 51926
1322808 [0, 38400]: LP
	bnd = 38400.000000
	its = 1
	hyp = 1573 / 5318
	cut = 52004
1324431 [0, 38400]: LP
	bnd = 38400.000000
	its = 1
	hyp = 1573 / 5318
	cut = 52082
1326092 [0, 38400]: LP
	bnd = 38400.000000
	its = 1
	hyp = 1573 / 5318
	cut = 52160
1327751 [0, 38400]: LP
	bnd = 38400.000000
	its = 1
	hyp = 1573 / 5318
	cut = 52238
1329416 [0, 38400]: LP
	bnd = 38400.000000
	its = 1
	hyp = 1573 / 5318
	cut = 52316
1331063 [0, 38400]: LP
	bnd = 38400.000000
	its = 1
	hyp = 1573 / 5318
	cut = 52394
1332706 [0, 38400]: LP
	bnd = 38400.000000
	its = 1
	hyp = 1573 / 5318
	cut = 52472
1334341 [0, 38400]: LP
	bnd = 38400.000000
	its = 1
	hyp = 1573 / 5318
	cut = 52550
1335975 [0, 38400]: LP
	bnd = 38400.000000
	its = 1
	hyp = 1573 / 5318
	cut = 52628
1337601 [0, 38400]: LP
	bnd = 38400.000000
	its = 1
	hyp = 1573 / 5318
	cut = 52706
1339225 [0, 38400]: LP
	bnd = 38400.000000
	its = 1
	hyp = 1573 / 5318
	cut = 52784
1340871 [0, 38400]: LP
	bnd = 38400.000000
	its = 1
	hyp = 1573 / 5318
	cut = 52862
1342544 [0, 38400]: LP
	bnd = 38400.000000
	its = 1
	hyp = 1573 / 5318
	cut = 52940
1344199 [0, 38400]: LP
	bnd = 38400.000000
	its = 1
	hyp = 1573 / 5318
	cut = 53018
1345856 [0, 38400]: LP
	bnd = 38400.000000
	its = 1
	hyp = 1573 / 5318
	cut = 53096
1347494 [0, 38400]: LP
	bnd = 38400.000000
	its = 1
	hyp = 1573 / 5318
	cut = 53174
1349149 [0, 38400]: LP
	bnd = 38400.000000
	its = 1
	hyp = 1573 / 5318
	cut = 53252
1350812 [0, 38400]: LP
	bnd = 38400.000000
	its = 1
	hyp = 1573 / 5318
	cut = 53330
1352453 [0, 38400]: LP
	bnd = 38400.000000
	its = 1
	hyp = 1573 / 5318
	cut = 53408
1354102 [0, 38400]: LP
	bnd = 38400.000000
	its = 1
	hyp = 1573 / 5318
	cut = 53486
1355740 [0, 38400]: LP
	bnd = 38400.000000
	its = 1
	hyp = 1573 / 5318
	cut = 53564
1357386 [0, 38400]: LP
	bnd = 38400.000000
	its = 1
	hyp = 1573 / 5318
	cut = 53642
1359037 [0, 38400]: LP
	bnd = 38400.000000
	its = 1
	hyp = 1573 / 5318
	cut = 53720
1360713 [0, 38400]: LP
	bnd = 38400.000000
	its = 1
	hyp = 1573 / 5318
	cut = 53798
1362382 [0, 38400]: LP
	bnd = 38400.000000
	its = 1
	hyp = 1573 / 5318
	cut = 53876
1364053 [0, 38400]: LP
	bnd = 38400.000000
	its = 1
	hyp = 1573 / 5318
	cut = 53954
1365712 [0, 38400]: LP
	bnd = 38400.000000
	its = 1
	hyp = 1573 / 5318
	cut = 54032
1367364 [0, 38400]: LP
	bnd = 38400.000000
	its = 1
	hyp = 1573 / 5318
	cut = 54110
1369020 [0, 38400]: LP
	bnd = 38400.000000
	its = 1
	hyp = 1573 / 5318
	cut = 54188
1370667 [0, 38400]: LP
	bnd = 38400.000000
	its = 1
	hyp = 1573 / 5318
	cut = 54266
1372302 [0, 38400]: LP
	bnd = 38400.000000
	its = 1
	hyp = 1573 / 5318
	cut = 54344
1373961 [0, 38400]: LP
	bnd = 38400.000000
	its = 1
	hyp = 1573 / 5318
	cut = 54422
1375634 [0, 38400]: LP
	bnd = 38400.000000
	its = 1
	hyp = 1573 / 5318
	cut = 54500
1377333 [0, 38400]: LP
	bnd = 38400.000000
	its = 1
	hyp = 1573 / 5318
	cut = 54578
1379041 [0, 38400]: LP
	bnd = 38400.000000
	its = 1
	hyp = 1573 / 5318
	cut = 54656
1380706 [0, 38400]: LP
	bnd = 38400.000000
	its = 1
	hyp = 1573 / 5318
	cut = 54734
1382390 [0, 38400]: LP
	bnd = 38400.000000
	its = 1
	hyp = 1573 / 5318
	cut = 54812
1384040 [0, 38400]: LP
	bnd = 38400.000000
	its = 1
	hyp = 1573 / 5318
	cut = 54890
1385710 [0, 38400]: LP
	bnd = 38400.000000
	its = 1
	hyp = 1573 / 5318
	cut = 54968
1387383 [0, 38400]: LP
	bnd = 38400.000000
	its = 1
	hyp = 1573 / 5318
	cut = 55046
1389045 [0, 38400]: LP
	bnd = 38400.000000
	its = 1
	hyp = 1573 / 5318
	cut = 55124
1390695 [0, 38400]: LP
	bnd = 38400.000000
	its = 1
	hyp = 1573 / 5318
	cut = 55202
1392360 [0, 38400]: LP
	bnd = 38400.000000
	its = 1
	hyp = 1573 / 5318
	cut = 55280
1394040 [0, 38400]: LP
	bnd = 38400.000000
	its = 1
	hyp = 1573 / 5318
	cut = 55358
1395722 [0, 38400]: LP
	bnd = 38400.000000
	its = 1
	hyp = 1573 / 5318
	cut = 55436
1397389 [0, 38400]: LP
	bnd = 38400.000000
	its = 1
	hyp = 1573 / 5318
	cut = 55514
1399056 [0, 38400]: LP
	bnd = 38400.000000
	its = 1
	hyp = 1573 / 5318
	cut = 55592
1400715 [0, 38400]: LP
	bnd = 38400.000000
	its = 1
	hyp = 1573 / 5318
	cut = 55670
1402468 [0, 38400]: LP
	bnd = 38400.000000
	its = 1
	hyp = 1573 / 5318
	cut = 55748
1404170 [0, 38400]: LP
	bnd = 38400.000000
	its = 1
	hyp = 1573 / 5318
	cut = 55826
1405828 [0, 38400]: LP
	bnd = 38400.000000
	its = 1
	hyp = 1573 / 5318
	cut = 55904
1407526 [0, 38400]: LP
	bnd = 38400.000000
	its = 1
	hyp = 1573 / 5318
	cut = 55982
1409210 [0, 38400]: LP
	bnd = 38400.000000
	its = 1
	hyp = 1573 / 5318
	cut = 56060
1410914 [0, 38400]: LP
	bnd = 38400.000000
	its = 1
	hyp = 1573 / 5318
	cut = 56138
1412638 [0, 38400]: LP
	bnd = 38400.000000
	its = 1
	hyp = 1573 / 5318
	cut = 56216
1414398 [0, 38400]: LP
	bnd = 38400.000000
	its = 1
	hyp = 1573 / 5318
	cut = 56294
1416112 [0, 38400]: LP
	bnd = 38400.000000
	its = 1
	hyp = 1573 / 5318
	cut = 56372
1417811 [0, 38400]: LP
	bnd = 38400.000000
	its = 1
	hyp = 1573 / 5318
	cut = 56450
1419503 [0, 38400]: LP
	bnd = 38400.000000
	its = 1
	hyp = 1573 / 5318
	cut = 56528
1421171 [0, 38400]: LP
	bnd = 38400.000000
	its = 1
	hyp = 1573 / 5318
	cut = 56606
1422856 [0, 38400]: LP
	bnd = 38400.000000
	its = 1
	hyp = 1573 / 5318
	cut = 56684
1424530 [0, 38400]: LP
	bnd = 38400.000000
	its = 1
	hyp = 1573 / 5318
	cut = 56762
1426221 [0, 38400]: LP
	bnd = 38400.000000
	its = 1
	hyp = 1573 / 5318
	cut = 56840
1427902 [0, 38400]: LP
	bnd = 38400.000000
	its = 1
	hyp = 1573 / 5318
	cut = 56918
1429583 [0, 38400]: LP
	bnd = 38400.000000
	its = 1
	hyp = 1573 / 5318
	cut = 56996
1431255 [0, 38400]: LP
	bnd = 38400.000000
	its = 1
	hyp = 1573 / 5318
	cut = 57074
1432941 [0, 38400]: LP
	bnd = 38400.000000
	its = 1
	hyp = 1573 / 5318
	cut = 57152
1434590 [0, 38400]: LP
	bnd = 38400.000000
	its = 1
	hyp = 1573 / 5318
	cut = 57230
1436299 [0, 38400]: LP
	bnd = 38400.000000
	its = 1
	hyp = 1573 / 5318
	cut = 57308
1438008 [0, 38400]: LP
	bnd = 38400.000000
	its = 1
	hyp = 1573 / 5318
	cut = 57386
1439705 [0, 38400]: LP
	bnd = 38400.000000
	its = 1
	hyp = 1573 / 5318
	cut = 57464
1441369 [0, 38400]: LP
	bnd = 38400.000000
	its = 1
	hyp = 1573 / 5318
	cut = 57542
1443065 [0, 38400]: LP
	bnd = 38400.000000
	its = 1
	hyp = 1573 / 5318
	cut = 57620
1444710 [0, 38400]: LP
	bnd = 38400.000000
	its = 1
	hyp = 1573 / 5318
	cut = 57698
1446425 [0, 38400]: LP
	bnd = 38400.000000
	its = 1
	hyp = 1573 / 5318
	cut = 57776
1448116 [0, 38400]: LP
	bnd = 38400.000000
	its = 1
	hyp = 1573 / 5318
	cut = 57854
1449809 [0, 38400]: LP
	bnd = 38400.000000
	its = 1
	hyp = 1573 / 5318
	cut = 57932
1451508 [0, 38400]: LP
	bnd = 38400.000000
	its = 1
	hyp = 1573 / 5318
	cut = 58010
1453221 [0, 38400]: LP
	bnd = 38400.000000
	its = 1
	hyp = 1573 / 5318
	cut = 58088
1454901 [0, 38400]: LP
	bnd = 38400.000000
	its = 1
	hyp = 1573 / 5318
	cut = 58166
1456570 [0, 38400]: LP
	bnd = 38400.000000
	its = 1
	hyp = 1573 / 5318
	cut = 58244
1458247 [0, 38400]: LP
	bnd = 38400.000000
	its = 1
	hyp = 1573 / 5318
	cut = 58322
1459914 [0, 38400]: LP
	bnd = 38400.000000
	its = 1
	hyp = 1573 / 5318
	cut = 58400
1461601 [0, 38400]: LP
	bnd = 38400.000000
	its = 1
	hyp = 1573 / 5318
	cut = 58478
1463310 [0, 38400]: LP
	bnd = 38400.000000
	its = 1
	hyp = 1573 / 5318
	cut = 58556
1464984 [0, 38400]: LP
	bnd = 38400.000000
	its = 1
	hyp = 1573 / 5318
	cut = 58634
1466659 [0, 38400]: LP
	bnd = 38400.000000
	its = 1
	hyp = 1573 / 5318
	cut = 58712
1468333 [0, 38400]: LP
	bnd = 38400.000000
	its = 1
	hyp = 1573 / 5318
	cut = 58790
1470026 [0, 38400]: LP
	bnd = 38400.000000
	its = 1
	hyp = 1573 / 5318
	cut = 58868
1471691 [0, 38400]: LP
	bnd = 38400.000000
	its = 1
	hyp = 1573 / 5318
	cut = 58946
1473375 [0, 38400]: LP
	bnd = 38400.000000
	its = 1
	hyp = 1573 / 5318
	cut = 59024
1475056 [0, 38400]: LP
	bnd = 38400.000000
	its = 1
	hyp = 1573 / 5318
	cut = 59102
1476763 [0, 38400]: LP
	bnd = 38400.000000
	its = 1
	hyp = 1573 / 5318
	cut = 59180
1478439 [0, 38400]: LP
	bnd = 38400.000000
	its = 1
	hyp = 1573 / 5318
	cut = 59258
1480107 [0, 38400]: LP
	bnd = 38400.000000
	its = 1
	hyp = 1573 / 5318
	cut = 59336
1481767 [0, 38400]: LP
	bnd = 38400.000000
	its = 1
	hyp = 1573 / 5318
	cut = 59414
1483486 [0, 38400]: LP
	bnd = 38400.000000
	its = 1
	hyp = 1573 / 5318
	cut = 59492
1485184 [0, 38400]: LP
	bnd = 38400.000000
	its = 1
	hyp = 1573 / 5318
	cut = 59570
1486891 [0, 38400]: LP
	bnd = 38400.000000
	its = 1
	hyp = 1573 / 5318
	cut = 59648
1488573 [0, 38400]: LP
	bnd = 38400.000000
	its = 1
	hyp = 1573 / 5318
	cut = 59726
1490254 [0, 38400]: LP
	bnd = 38400.000000
	its = 1
	hyp = 1573 / 5318
	cut = 59804
1491951 [0, 38400]: LP
	bnd = 38400.000000
	its = 1
	hyp = 1573 / 5318
	cut = 59882
1493640 [0, 38400]: LP
	bnd = 38400.000000
	its = 1
	hyp = 1573 / 5318
	cut = 59960
1495468 [0, 38400]: LP
	bnd = 38400.000000
	its = 1
	hyp = 1573 / 5318
	cut = 60038
1497193 [0, 38400]: LP
	bnd = 38400.000000
	its = 1
	hyp = 1573 / 5318
	cut = 60116
1498939 [0, 38400]: LP
	bnd = 38400.000000
	its = 1
	hyp = 1573 / 5318
	cut = 60194
1500630 [0, 38400]: LP
	bnd = 38400.000000
	its = 1
	hyp = 1573 / 5318
	cut = 60272
1502322 [0, 38400]: LP
	bnd = 38400.000000
	its = 1
	hyp = 1573 / 5318
	cut = 60350
1504029 [0, 38400]: LP
	bnd = 38400.000000
	its = 1
	hyp = 1573 / 5318
	cut = 60428
1505686 [0, 38400]: LP
	bnd = 38400.000000
	its = 1
	hyp = 1573 / 5318
	cut = 60506
1507398 [0, 38400]: LP
	bnd = 38400.000000
	its = 1
	hyp = 1573 / 5318
	cut = 60584
1509104 [0, 38400]: LP
	bnd = 38400.000000
	its = 1
	hyp = 1573 / 5318
	cut = 60662
1510906 [0, 38400]: LP
	bnd = 38400.000000
	its = 1
	hyp = 1573 / 5318
	cut = 60740
1512641 [0, 38400]: LP
	bnd = 38400.000000
	its = 1
	hyp = 1573 / 5318
	cut = 60818
1514316 [0, 38400]: LP
	bnd = 38400.000000
	its = 1
	hyp = 1573 / 5318
	cut = 60896
1515998 [0, 38400]: LP
	bnd = 38400.000000
	its = 1
	hyp = 1573 / 5318
	cut = 60974
1517709 [0, 38400]: LP
	bnd = 38400.000000
	its = 1
	hyp = 1573 / 5318
	cut = 61052
1519377 [0, 38400]: LP
	bnd = 38400.000000
	its = 1
	hyp = 1573 / 5318
	cut = 61130
1521081 [0, 38400]: LP
	bnd = 38400.000000
	its = 1
	hyp = 1573 / 5318
	cut = 61208
1522780 [0, 38400]: LP
	bnd = 38400.000000
	its = 1
	hyp = 1573 / 5318
	cut = 61286
1524478 [0, 38400]: LP
	bnd = 38400.000000
	its = 1
	hyp = 1573 / 5318
	cut = 61364
1526187 [0, 38400]: LP
	bnd = 38400.000000
	its = 1
	hyp = 1573 / 5318
	cut = 61442
1527893 [0, 38400]: LP
	bnd = 38400.000000
	its = 1
	hyp = 1573 / 5318
	cut = 61520
1529589 [0, 38400]: LP
	bnd = 38400.000000
	its = 1
	hyp = 1573 / 5318
	cut = 61598
1531271 [0, 38400]: LP
	bnd = 38400.000000
	its = 1
	hyp = 1573 / 5318
	cut = 61676
1532970 [0, 38400]: LP
	bnd = 38400.000000
	its = 1
	hyp = 1573 / 5318
	cut = 61754
1534625 [0, 38400]: LP
	bnd = 38400.000000
	its = 1
	hyp = 1573 / 5318
	cut = 61832
1536339 [0, 38400]: LP
	bnd = 38400.000000
	its = 1
	hyp = 1573 / 5318
	cut = 61910
1538049 [0, 38400]: LP
	bnd = 38400.000000
	its = 1
	hyp = 1573 / 5318
	cut = 61988
1539771 [0, 38400]: LP
	bnd = 38400.000000
	its = 1
	hyp = 1573 / 5318
	cut = 62066
1541457 [0, 38400]: LP
	bnd = 38400.000000
	its = 1
	hyp = 1573 / 5318
	cut = 62144
1543143 [0, 38400]: LP
	bnd = 38400.000000
	its = 1
	hyp = 1573 / 5318
	cut = 62222
1544863 [0, 38400]: LP
	bnd = 38400.000000
	its = 1
	hyp = 1573 / 5318
	cut = 62300
1546586 [0, 38400]: LP
	bnd = 38400.000000
	its = 1
	hyp = 1573 / 5318
	cut = 62378
1548263 [0, 38400]: LP
	bnd = 38400.000000
	its = 1
	hyp = 1573 / 5318
	cut = 62456
1549941 [0, 38400]: LP
	bnd = 38400.000000
	its = 1
	hyp = 1573 / 5318
	cut = 62534
1551668 [0, 38400]: LP
	bnd = 38400.000000
	its = 1
	hyp = 1573 / 5318
	cut = 62612
1553384 [0, 38400]: LP
	bnd = 38400.000000
	its = 1
	hyp = 1573 / 5318
	cut = 62690
1555090 [0, 38400]: LP
	bnd = 38400.000000
	its = 1
	hyp = 1573 / 5318
	cut = 62768
1556795 [0, 38400]: LP
	bnd = 38400.000000
	its = 1
	hyp = 1573 / 5318
	cut = 62846
1558506 [0, 38400]: LP
	bnd = 38400.000000
	its = 1
	hyp = 1573 / 5318
	cut = 62924
1560195 [0, 38400]: LP
	bnd = 38400.000000
	its = 1
	hyp = 1573 / 5318
	cut = 63002
1561888 [0, 38400]: LP
	bnd = 38400.000000
	its = 1
	hyp = 1573 / 5318
	cut = 63080
1563597 [0, 38400]: LP
	bnd = 38400.000000
	its = 1
	hyp = 1573 / 5318
	cut = 63158
1565312 [0, 38400]: LP
	bnd = 38400.000000
	its = 1
	hyp = 1573 / 5318
	cut = 63236
1567026 [0, 38400]: LP
	bnd = 38400.000000
	its = 1
	hyp = 1573 / 5318
	cut = 63314
1568720 [0, 38400]: LP
	bnd = 38400.000000
	its = 1
	hyp = 1573 / 5318
	cut = 63392
1570415 [0, 38400]: LP
	bnd = 38400.000000
	its = 1
	hyp = 1573 / 5318
	cut = 63470
1572113 [0, 38400]: LP
	bnd = 38400.000000
	its = 1
	hyp = 1573 / 5318
	cut = 63548
1573821 [0, 38400]: LP
	bnd = 38400.000000
	its = 1
	hyp = 1573 / 5318
	cut = 63626
1575545 [0, 38400]: LP
	bnd = 38400.000000
	its = 1
	hyp = 1573 / 5318
	cut = 63704
1577280 [0, 38400]: LP
	bnd = 38400.000000
	its = 1
	hyp = 1573 / 5318
	cut = 63782
1578995 [0, 38400]: LP
	bnd = 38400.000000
	its = 1
	hyp = 1573 / 5318
	cut = 63860
1580708 [0, 38400]: LP
	bnd = 38400.000000
	its = 1
	hyp = 1573 / 5318
	cut = 63938
1582447 [0, 38400]: LP
	bnd = 38400.000000
	its = 1
	hyp = 1573 / 5318
	cut = 64016
1584142 [0, 38400]: LP
	bnd = 38400.000000
	its = 1
	hyp = 1573 / 5318
	cut = 64094
1585841 [0, 38400]: LP
	bnd = 38400.000000
	its = 1
	hyp = 1573 / 5318
	cut = 64172
1587543 [0, 38400]: LP
	bnd = 38400.000000
	its = 1
	hyp = 1573 / 5318
	cut = 64250
1589248 [0, 38400]: LP
	bnd = 38400.000000
	its = 1
	hyp = 1573 / 5318
	cut = 64328
1590942 [0, 38400]: LP
	bnd = 38400.000000
	its = 1
	hyp = 1573 / 5318
	cut = 64406
1592656 [0, 38400]: LP
	bnd = 38400.000000
	its = 1
	hyp = 1573 / 5318
	cut = 64484
1594359 [0, 38400]: LP
	bnd = 38400.000000
	its = 1
	hyp = 1573 / 5318
	cut = 64562
1596067 [0, 38400]: LP
	bnd = 38400.000000
	its = 1
	hyp = 1573 / 5318
	cut = 64640
1597745 [0, 38400]: LP
	bnd = 38400.000000
	its = 1
	hyp = 1573 / 5318
	cut = 64718
1599472 [0, 38400]: LP
	bnd = 38400.000000
	its = 1
	hyp = 1573 / 5318
	cut = 64796
1601198 [0, 38400]: LP
	bnd = 38400.000000
	its = 1
	hyp = 1573 / 5318
	cut = 64874
1602922 [0, 38400]: LP
	bnd = 38400.000000
	its = 1
	hyp = 1573 / 5318
	cut = 64952
1604647 [0, 38400]: LP
	bnd = 38400.000000
	its = 1
	hyp = 1573 / 5318
	cut = 65030
1606363 [0, 38400]: LP
	bnd = 38400.000000
	its = 1
	hyp = 1573 / 5318
	cut = 65108
1608079 [0, 38400]: LP
	bnd = 38400.000000
	its = 1
	hyp = 1573 / 5318
	cut = 65186
1609786 [0, 38400]: LP
	bnd = 38400.000000
	its = 1
	hyp = 1573 / 5318
	cut = 65264
1611503 [0, 38400]: LP
	bnd = 38400.000000
	its = 1
	hyp = 1573 / 5318
	cut = 65342
1613180 [0, 38400]: LP
	bnd = 38400.000000
	its = 1
	hyp = 1573 / 5318
	cut = 65420
1614910 [0, 38400]: LP
	bnd = 38400.000000
	its = 1
	hyp = 1573 / 5318
	cut = 65498
1616658 [0, 38400]: LP
	bnd = 38400.000000
	its = 1
	hyp = 1573 / 5318
	cut = 65576
1618380 [0, 38400]: LP
	bnd = 38400.000000
	its = 1
	hyp = 1573 / 5318
	cut = 65654
1620093 [0, 38400]: LP
	bnd = 38400.000000
	its = 1
	hyp = 1573 / 5318
	cut = 65732
1621791 [0, 38400]: LP
	bnd = 38400.000000
	its = 1
	hyp = 1573 / 5318
	cut = 65810
1623466 [0, 38400]: LP
	bnd = 38400.000000
	its = 1
	hyp = 1573 / 5318
	cut = 65888
1625173 [0, 38400]: LP
	bnd = 38400.000000
	its = 1
	hyp = 1573 / 5318
	cut = 65966
1626832 [0, 38400]: LP
	bnd = 38400.000000
	its = 1
	hyp = 1573 / 5318
	cut = 66044
1628538 [0, 38400]: LP
	bnd = 38400.000000
	its = 1
	hyp = 1573 / 5318
	cut = 66122
1630249 [0, 38400]: LP
	bnd = 38400.000000
	its = 1
	hyp = 1573 / 5318
	cut = 66200
1631973 [0, 38400]: LP
	bnd = 38400.000000
	its = 1
	hyp = 1573 / 5318
	cut = 66278
1633698 [0, 38400]: LP
	bnd = 38400.000000
	its = 1
	hyp = 1573 / 5318
	cut = 66356
1635438 [0, 38400]: LP
	bnd = 38400.000000
	its = 1
	hyp = 1573 / 5318
	cut = 66434
1637157 [0, 38400]: LP
	bnd = 38400.000000
	its = 1
	hyp = 1573 / 5318
	cut = 66512
1638849 [0, 38400]: LP
	bnd = 38400.000000
	its = 1
	hyp = 1573 / 5318
	cut = 66590
1640534 [0, 38400]: LP
	bnd = 38400.000000
	its = 1
	hyp = 1573 / 5318
	cut = 66668
1642220 [0, 38400]: LP
	bnd = 38400.000000
	its = 1
	hyp = 1573 / 5318
	cut = 66746
1643937 [0, 38400]: LP
	bnd = 38400.000000
	its = 1
	hyp = 1573 / 5318
	cut = 66824
1645650 [0, 38400]: LP
	bnd = 38400.000000
	its = 1
	hyp = 1573 / 5318
	cut = 66902
1647356 [0, 38400]: LP
	bnd = 38400.000000
	its = 1
	hyp = 1573 / 5318
	cut = 66980
1649069 [0, 38400]: LP
	bnd = 38400.000000
	its = 1
	hyp = 1573 / 5318
	cut = 67058
1650776 [0, 38400]: LP
	bnd = 38400.000000
	its = 1
	hyp = 1573 / 5318
	cut = 67136
1652495 [0, 38400]: LP
	bnd = 38400.000000
	its = 1
	hyp = 1573 / 5318
	cut = 67214
1654208 [0, 38400]: LP
	bnd = 38400.000000
	its = 1
	hyp = 1573 / 5318
	cut = 67292
1655910 [0, 38400]: LP
	bnd = 38400.000000
	its = 1
	hyp = 1573 / 5318
	cut = 67370
1657638 [0, 38400]: LP
	bnd = 38400.000000
	its = 1
	hyp = 1573 / 5318
	cut = 67448
1659351 [0, 38400]: LP
	bnd = 38400.000000
	its = 1
	hyp = 1573 / 5318
	cut = 67526
1661025 [0, 38400]: LP
	bnd = 38400.000000
	its = 1
	hyp = 1573 / 5318
	cut = 67604
1662746 [0, 38400]: LP
	bnd = 38400.000000
	its = 1
	hyp = 1573 / 5318
	cut = 67682
1664476 [0, 38400]: LP
	bnd = 38400.000000
	its = 1
	hyp = 1573 / 5318
	cut = 67760
1666193 [0, 38400]: LP
	bnd = 38400.000000
	its = 1
	hyp = 1573 / 5318
	cut = 67838
1667905 [0, 38400]: LP
	bnd = 38400.000000
	its = 1
	hyp = 1573 / 5318
	cut = 67916
1669603 [0, 38400]: LP
	bnd = 38400.000000
	its = 1
	hyp = 1573 / 5318
	cut = 67994
1671292 [0, 38400]: LP
	bnd = 38400.000000
	its = 1
	hyp = 1573 / 5318
	cut = 68072
1672999 [0, 38400]: LP
	bnd = 38400.000000
	its = 1
	hyp = 1573 / 5318
	cut = 68150
1674699 [0, 38400]: LP
	bnd = 38400.000000
	its = 1
	hyp = 1573 / 5318
	cut = 68228
1676414 [0, 38400]: LP
	bnd = 38400.000000
	its = 1
	hyp = 1573 / 5318
	cut = 68306
1678131 [0, 38400]: LP
	bnd = 38400.000000
	its = 1
	hyp = 1573 / 5318
	cut = 68384
1679857 [0, 38400]: LP
	bnd = 38400.000000
	its = 1
	hyp = 1573 / 5318
	cut = 68462
1681573 [0, 38400]: LP
	bnd = 38400.000000
	its = 1
	hyp = 1573 / 5318
	cut = 68540
1683279 [0, 38400]: LP
	bnd = 38400.000000
	its = 1
	hyp = 1573 / 5318
	cut = 68618
1684986 [0, 38400]: LP
	bnd = 38400.000000
	its = 1
	hyp = 1573 / 5318
	cut = 68696
1686698 [0, 38400]: LP
	bnd = 38400.000000
	its = 1
	hyp = 1573 / 5318
	cut = 68774
1688394 [0, 38400]: LP
	bnd = 38400.000000
	its = 1
	hyp = 1573 / 5318
	cut = 68852
1690124 [0, 38400]: LP
	bnd = 38400.000000
	its = 1
	hyp = 1573 / 5318
	cut = 68930
1691854 [0, 38400]: LP
	bnd = 38400.000000
	its = 1
	hyp = 1573 / 5318
	cut = 69008
1693579 [0, 38400]: LP
	bnd = 38400.000000
	its = 1
	hyp = 1573 / 5318
	cut = 69086
1695308 [0, 38400]: LP
	bnd = 38400.000000
	its = 1
	hyp = 1573 / 5318
	cut = 69164
1697051 [0, 38400]: LP
	bnd = 38400.000000
	its = 1
	hyp = 1573 / 5318
	cut = 69242
1698763 [0, 38400]: LP
	bnd = 38400.000000
	its = 1
	hyp = 1573 / 5318
	cut = 69320
1700475 [0, 38400]: LP
	bnd = 38400.000000
	its = 1
	hyp = 1573 / 5318
	cut = 69398
1702187 [0, 38400]: LP
	bnd = 38400.000000
	its = 1
	hyp = 1573 / 5318
	cut = 69476
1703907 [0, 38400]: LP
	bnd = 38400.000000
	its = 1
	hyp = 1573 / 5318
	cut = 69554
1705637 [0, 38400]: LP
	bnd = 38400.000000
	its = 1
	hyp = 1573 / 5318
	cut = 69632
1707359 [0, 38400]: LP
	bnd = 38400.000000
	its = 1
	hyp = 1573 / 5318
	cut = 69710
1709092 [0, 38400]: LP
	bnd = 38400.000000
	its = 1
	hyp = 1573 / 5318
	cut = 69788
1710822 [0, 38400]: LP
	bnd = 38400.000000
	its = 1
	hyp = 1573 / 5318
	cut = 69866
1712538 [0, 38400]: LP
	bnd = 38400.000000
	its = 1
	hyp = 1573 / 5318
	cut = 69944
1714250 [0, 38400]: LP
	bnd = 38400.000000
	its = 1
	hyp = 1573 / 5318
	cut = 70022
1715949 [0, 38400]: LP
	bnd = 38400.000000
	its = 1
	hyp = 1573 / 5318
	cut = 70100
1717628 [0, 38400]: LP
	bnd = 38400.000000
	its = 1
	hyp = 1573 / 5318
	cut = 70178
1719352 [0, 38400]: LP
	bnd = 38400.000000
	its = 1
	hyp = 1573 / 5318
	cut = 70256
1721093 [0, 38400]: LP
	bnd = 38400.000000
	its = 1
	hyp = 1573 / 5318
	cut = 70334
1722830 [0, 38400]: LP
	bnd = 38400.000000
	its = 1
	hyp = 1573 / 5318
	cut = 70412
1724561 [0, 38400]: LP
	bnd = 38400.000000
	its = 1
	hyp = 1573 / 5318
	cut = 70490
1726288 [0, 38400]: LP
	bnd = 38400.000000
	its = 1
	hyp = 1573 / 5318
	cut = 70568
1727992 [0, 38400]: LP
	bnd = 38400.000000
	its = 1
	hyp = 1573 / 5318
	cut = 70646
1729706 [0, 38400]: LP
	bnd = 38400.000000
	its = 1
	hyp = 1573 / 5318
	cut = 70724
1731424 [0, 38400]: LP
	bnd = 38400.000000
	its = 1
	hyp = 1573 / 5318
	cut = 70802
1733142 [0, 38400]: LP
	bnd = 38400.000000
	its = 1
	hyp = 1573 / 5318
	cut = 70880
1734819 [0, 38400]: LP
	bnd = 38400.000000
	its = 1
	hyp = 1573 / 5318
	cut = 70958
1736495 [0, 38400]: LP
	bnd = 38400.000000
	its = 1
	hyp = 1573 / 5318
	cut = 71036
1738244 [0, 38400]: LP
	bnd = 38400.000000
	its = 1
	hyp = 1573 / 5318
	cut = 71114
1739980 [0, 38400]: LP
	bnd = 38400.000000
	its = 1
	hyp = 1573 / 5318
	cut = 71192
1741700 [0, 38400]: LP
	bnd = 38400.000000
	its = 1
	hyp = 1573 / 5318
	cut = 71270
1743416 [0, 38400]: LP
	bnd = 38400.000000
	its = 1
	hyp = 1573 / 5318
	cut = 71348
1745123 [0, 38400]: LP
	bnd = 38400.000000
	its = 1
	hyp = 1573 / 5318
	cut = 71426
1746878 [0, 38400]: LP
	bnd = 38400.000000
	its = 1
	hyp = 1573 / 5318
	cut = 71504
1748616 [0, 38400]: LP
	bnd = 38400.000000
	its = 1
	hyp = 1573 / 5318
	cut = 71582
1750347 [0, 38400]: LP
	bnd = 38400.000000
	its = 1
	hyp = 1573 / 5318
	cut = 71660
1752066 [0, 38400]: LP
	bnd = 38400.000000
	its = 1
	hyp = 1573 / 5318
	cut = 71738
1753790 [0, 38400]: LP
	bnd = 38400.000000
	its = 1
	hyp = 1573 / 5318
	cut = 71816
1755463 [0, 38400]: LP
	bnd = 38400.000000
	its = 1
	hyp = 1573 / 5318
	cut = 71894
1757156 [0, 38400]: LP
	bnd = 38400.000000
	its = 1
	hyp = 1573 / 5318
	cut = 71972
1758880 [0, 38400]: LP
	bnd = 38400.000000
	its = 1
	hyp = 1573 / 5318
	cut = 72050
1760603 [0, 38400]: LP
	bnd = 38400.000000
	its = 1
	hyp = 1573 / 5318
	cut = 72128
1762323 [0, 38400]: LP
	bnd = 38400.000000
	its = 1
	hyp = 1573 / 5318
	cut = 72206
1764066 [0, 38400]: LP
	bnd = 38400.000000
	its = 1
	hyp = 1573 / 5318
	cut = 72284
1765815 [0, 38400]: LP
	bnd = 38400.000000
	its = 1
	hyp = 1573 / 5318
	cut = 72362
1767584 [0, 38400]: LP
	bnd = 38400.000000
	its = 1
	hyp = 1573 / 5318
	cut = 72440
1769322 [0, 38400]: LP
	bnd = 38400.000000
	its = 1
	hyp = 1573 / 5318
	cut = 72518
1771104 [0, 38400]: LP
	bnd = 38400.000000
	its = 1
	hyp = 1573 / 5318
	cut = 72596
1772851 [0, 38400]: LP
	bnd = 38400.000000
	its = 1
	hyp = 1573 / 5318
	cut = 72674
1774597 [0, 38400]: LP
	bnd = 38400.000000
	its = 1
	hyp = 1573 / 5318
	cut = 72752
1776340 [0, 38400]: LP
	bnd = 38400.000000
	its = 1
	hyp = 1573 / 5318
	cut = 72830
1778103 [0, 38400]: LP
	bnd = 38400.000000
	its = 1
	hyp = 1573 / 5318
	cut = 72908
1779854 [0, 38400]: LP
	bnd = 38400.000000
	its = 1
	hyp = 1573 / 5318
	cut = 72986
1781592 [0, 38400]: LP
	bnd = 38400.000000
	its = 1
	hyp = 1573 / 5318
	cut = 73064
1783325 [0, 38400]: LP
	bnd = 38400.000000
	its = 1
	hyp = 1573 / 5318
	cut = 73142
1785079 [0, 38400]: LP
	bnd = 38400.000000
	its = 1
	hyp = 1573 / 5318
	cut = 73220
1786811 [0, 38400]: LP
	bnd = 38400.000000
	its = 1
	hyp = 1573 / 5318
	cut = 73298
1788526 [0, 38400]: LP
	bnd = 38400.000000
	its = 1
	hyp = 1573 / 5318
	cut = 73376
1790280 [0, 38400]: LP
	bnd = 38400.000000
	its = 1
	hyp = 1573 / 5318
	cut = 73454
1792031 [0, 38400]: LP
	bnd = 38400.000000
	its = 1
	hyp = 1573 / 5318
	cut = 73532
1793803 [0, 38400]: LP
	bnd = 38400.000000
	its = 1
	hyp = 1573 / 5318
	cut = 73610
1795559 [0, 38400]: LP
	bnd = 38400.000000
	its = 1
	hyp = 1573 / 5318
	cut = 73688
1797300 [0, 38400]: LP
	bnd = 38400.000000
	its = 1
	hyp = 1573 / 5318
	cut = 73766
1799040 [0, 38400]: LP
	bnd = 38400.000000
	its = 1
	hyp = 1573 / 5318
	cut = 73844
1800788 [0, 38400]: LP
	bnd = 38400.000000
	its = 1
	hyp = 1573 / 5318
	cut = 73922
1802499 [0, 38400]: LP
	bnd = 38400.000000
	its = 1
	hyp = 1573 / 5318
	cut = 74000
1804271 [0, 38400]: LP
	bnd = 38400.000000
	its = 1
	hyp = 1573 / 5318
	cut = 74078
1806025 [0, 38400]: LP
	bnd = 38400.000000
	its = 1
	hyp = 1573 / 5318
	cut = 74156
1807792 [0, 38400]: LP
	bnd = 38400.000000
	its = 1
	hyp = 1573 / 5318
	cut = 74234
1809557 [0, 38400]: LP
	bnd = 38400.000000
	its = 1
	hyp = 1573 / 5318
	cut = 74312
1811320 [0, 38400]: LP
	bnd = 38400.000000
	its = 1
	hyp = 1573 / 5318
	cut = 74390
1813058 [0, 38400]: LP
	bnd = 38400.000000
	its = 1
	hyp = 1573 / 5318
	cut = 74468
1814763 [0, 38400]: LP
	bnd = 38400.000000
	its = 1
	hyp = 1573 / 5318
	cut = 74546
1816528 [0, 38400]: LP
	bnd = 38400.000000
	its = 1
	hyp = 1573 / 5318
	cut = 74624
1818285 [0, 38400]: LP
	bnd = 38400.000000
	its = 1
	hyp = 1573 / 5318
	cut = 74702
1820031 [0, 38400]: LP
	bnd = 38400.000000
	its = 1
	hyp = 1573 / 5318
	cut = 74780
1821780 [0, 38400]: LP
	bnd = 38400.000000
	its = 1
	hyp = 1573 / 5318
	cut = 74858
1823533 [0, 38400]: LP
	bnd = 38400.000000
	its = 1
	hyp = 1573 / 5318
	cut = 74936
1825284 [0, 38400]: LP
	bnd = 38400.000000
	its = 1
	hyp = 1573 / 5318
	cut = 75014
1827056 [0, 38400]: LP
	bnd = 38400.000000
	its = 1
	hyp = 1573 / 5318
	cut = 75092
1828800 [0, 38400]: LP
	bnd = 38400.000000
	its = 1
	hyp = 1573 / 5318
	cut = 75170
1830532 [0, 38400]: LP
	bnd = 38400.000000
	its = 1
	hyp = 1573 / 5318
	cut = 75248
1832265 [0, 38400]: LP
	bnd = 38400.000000
	its = 1
	hyp = 1573 / 5318
	cut = 75326
1834003 [0, 38400]: LP
	bnd = 38400.000000
	its = 1
	hyp = 1573 / 5318
	cut = 75404
1835760 [0, 38400]: LP
	bnd = 38400.000000
	its = 1
	hyp = 1573 / 5318
	cut = 75482
1837532 [0, 38400]: LP
	bnd = 38400.000000
	its = 1
	hyp = 1573 / 5318
	cut = 75560
1839276 [0, 38400]: LP
	bnd = 38400.000000
	its = 1
	hyp = 1573 / 5318
	cut = 75638
1841013 [0, 38400]: LP
	bnd = 38400.000000
	its = 1
	hyp = 1573 / 5318
	cut = 75716
1842719 [0, 38400]: LP
	bnd = 38400.000000
	its = 1
	hyp = 1573 / 5318
	cut = 75794
1844479 [0, 38400]: LP
	bnd = 38400.000000
	its = 1
	hyp = 1573 / 5318
	cut = 75872
1846227 [0, 38400]: LP
	bnd = 38400.000000
	its = 1
	hyp = 1573 / 5318
	cut = 75950
1847984 [0, 38400]: LP
	bnd = 38400.000000
	its = 1
	hyp = 1573 / 5318
	cut = 76028
1849727 [0, 38400]: LP
	bnd = 38400.000000
	its = 1
	hyp = 1573 / 5318
	cut = 76106
1851461 [0, 38400]: LP
	bnd = 38400.000000
	its = 1
	hyp = 1573 / 5318
	cut = 76184
1853194 [0, 38400]: LP
	bnd = 38400.000000
	its = 1
	hyp = 1573 / 5318
	cut = 76262
1854915 [0, 38400]: LP
	bnd = 38400.000000
	its = 1
	hyp = 1573 / 5318
	cut = 76340
1856672 [0, 38400]: LP
	bnd = 38400.000000
	its = 1
	hyp = 1573 / 5318
	cut = 76418
1858436 [0, 38400]: LP
	bnd = 38400.000000
	its = 1
	hyp = 1573 / 5318
	cut = 76496
1860194 [0, 38400]: LP
	bnd = 38400.000000
	its = 1
	hyp = 1573 / 5318
	cut = 76574
1861949 [0, 38400]: LP
	bnd = 38400.000000
	its = 1
	hyp = 1573 / 5318
	cut = 76652
1863682 [0, 38400]: LP
	bnd = 38400.000000
	its = 1
	hyp = 1573 / 5318
	cut = 76730
1865403 [0, 38400]: LP
	bnd = 38400.000000
	its = 1
	hyp = 1573 / 5318
	cut = 76808
1867119 [0, 38400]: LP
	bnd = 38400.000000
	its = 1
	hyp = 1573 / 5318
	cut = 76886
1868864 [0, 38400]: LP
	bnd = 38400.000000
	its = 1
	hyp = 1573 / 5318
	cut = 76964
1870620 [0, 38400]: LP
	bnd = 38400.000000
	its = 1
	hyp = 1573 / 5318
	cut = 77042
1872379 [0, 38400]: LP
	bnd = 38400.000000
	its = 1
	hyp = 1573 / 5318
	cut = 77120
1874147 [0, 38400]: LP
	bnd = 38400.000000
	its = 1
	hyp = 1573 / 5318
	cut = 77198
1875911 [0, 38400]: LP
	bnd = 38400.000000
	its = 1
	hyp = 1573 / 5318
	cut = 77276
1877683 [0, 38400]: LP
	bnd = 38400.000000
	its = 1
	hyp = 1573 / 5318
	cut = 77354
1879465 [0, 38400]: LP
	bnd = 38400.000000
	its = 1
	hyp = 1573 / 5318
	cut = 77432
1881226 [0, 38400]: LP
	bnd = 38400.000000
	its = 1
	hyp = 1573 / 5318
	cut = 77510
1882991 [0, 38400]: LP
	bnd = 38400.000000
	its = 1
	hyp = 1573 / 5318
	cut = 77588
1884742 [0, 38400]: LP
	bnd = 38400.000000
	its = 1
	hyp = 1573 / 5318
	cut = 77666
1886505 [0, 38400]: LP
	bnd = 38400.000000
	its = 1
	hyp = 1573 / 5318
	cut = 77744
1888266 [0, 38400]: LP
	bnd = 38400.000000
	its = 1
	hyp = 1573 / 5318
	cut = 77822
1890054 [0, 38400]: LP
	bnd = 38400.000000
	its = 1
	hyp = 1573 / 5318
	cut = 77900
1891831 [0, 38400]: LP
	bnd = 38400.000000
	its = 1
	hyp = 1573 / 5318
	cut = 77978
1893603 [0, 38400]: LP
	bnd = 38400.000000
	its = 1
	hyp = 1573 / 5318
	cut = 78056
1895398 [0, 38400]: LP
	bnd = 38400.000000
	its = 1
	hyp = 1573 / 5318
	cut = 78134
1897162 [0, 38400]: LP
	bnd = 38400.000000
	its = 1
	hyp = 1573 / 5318
	cut = 78212
1898944 [0, 38400]: LP
	bnd = 38400.000000
	its = 1
	hyp = 1573 / 5318
	cut = 78290
1900706 [0, 38400]: LP
	bnd = 38400.000000
	its = 1
	hyp = 1573 / 5318
	cut = 78368
1902487 [0, 38400]: LP
	bnd = 38400.000000
	its = 1
	hyp = 1573 / 5318
	cut = 78446
1904241 [0, 38400]: LP
	bnd = 38400.000000
	its = 1
	hyp = 1573 / 5318
	cut = 78524
1905960 [0, 38400]: LP
	bnd = 38400.000000
	its = 1
	hyp = 1573 / 5318
	cut = 78602
1907732 [0, 38400]: LP
	bnd = 38400.000000
	its = 1
	hyp = 1573 / 5318
	cut = 78680
1909509 [0, 38400]: LP
	bnd = 38400.000000
	its = 1
	hyp = 1573 / 5318
	cut = 78758
1911302 [0, 38400]: LP
	bnd = 38400.000000
	its = 1
	hyp = 1573 / 5318
	cut = 78836
1913074 [0, 38400]: LP
	bnd = 38400.000000
	its = 1
	hyp = 1573 / 5318
	cut = 78914
1914843 [0, 38400]: LP
	bnd = 38400.000000
	its = 1
	hyp = 1573 / 5318
	cut = 78992
1916596 [0, 38400]: LP
	bnd = 38400.000000
	its = 1
	hyp = 1573 / 5318
	cut = 79070
1918363 [0, 38400]: LP
	bnd = 38400.000000
	its = 1
	hyp = 1573 / 5318
	cut = 79148
1920102 [0, 38400]: LP
	bnd = 38400.000000
	its = 1
	hyp = 1573 / 5318
	cut = 79226
1921878 [0, 38400]: LP
	bnd = 38400.000000
	its = 1
	hyp = 1573 / 5318
	cut = 79304
1923632 [0, 38400]: LP
	bnd = 38400.000000
	its = 1
	hyp = 1573 / 5318
	cut = 79382
1925414 [0, 38400]: LP
	bnd = 38400.000000
	its = 1
	hyp = 1573 / 5318
	cut = 79460
1927188 [0, 38400]: LP
	bnd = 38400.000000
	its = 1
	hyp = 1573 / 5318
	cut = 79538
1928966 [0, 38400]: LP
	bnd = 38400.000000
	its = 1
	hyp = 1573 / 5318
	cut = 79616
1930730 [0, 38400]: LP
	bnd = 38400.000000
	its = 1
	hyp = 1573 / 5318
	cut = 79694
1932488 [0, 38400]: LP
	bnd = 38400.000000
	its = 1
	hyp = 1573 / 5318
	cut = 79772
1934253 [0, 38400]: LP
	bnd = 38400.000000
	its = 1
	hyp = 1573 / 5318
	cut = 79850
1936038 [0, 38400]: LP
	bnd = 38400.000000
	its = 1
	hyp = 1573 / 5318
	cut = 79928
1937838 [0, 38400]: LP
	bnd = 38400.000000
	its = 1
	hyp = 1573 / 5318
	cut = 80006
1939628 [0, 38400]: LP
	bnd = 38400.000000
	its = 1
	hyp = 1573 / 5318
	cut = 80084
1941413 [0, 38400]: LP
	bnd = 38400.000000
	its = 1
	hyp = 1573 / 5318
	cut = 80162
1943193 [0, 38400]: LP
	bnd = 38400.000000
	its = 1
	hyp = 1573 / 5318
	cut = 80240
1944969 [0, 38400]: LP
	bnd = 38400.000000
	its = 1
	hyp = 1573 / 5318
	cut = 80318
1946771 [0, 38400]: LP
	bnd = 38400.000000
	its = 1
	hyp = 1573 / 5318
	cut = 80396
1948547 [0, 38400]: LP
	bnd = 38400.000000
	its = 1
	hyp = 1573 / 5318
	cut = 80474
1950341 [0, 38400]: LP
	bnd = 38400.000000
	its = 1
	hyp = 1573 / 5318
	cut = 80552
1952146 [0, 38400]: LP
	bnd = 38400.000000
	its = 1
	hyp = 1573 / 5318
	cut = 80630
1953933 [0, 38400]: LP
	bnd = 38400.000000
	its = 1
	hyp = 1573 / 5318
	cut = 80708
1955723 [0, 38400]: LP
	bnd = 38400.000000
	its = 1
	hyp = 1573 / 5318
	cut = 80786
1957508 [0, 38400]: LP
	bnd = 38400.000000
	its = 1
	hyp = 1573 / 5318
	cut = 80864
1959287 [0, 38400]: LP
	bnd = 38400.000000
	its = 1
	hyp = 1573 / 5318
	cut = 80942
1961068 [0, 38400]: LP
	bnd = 38400.000000
	its = 1
	hyp = 1573 / 5318
	cut = 81020
1962850 [0, 38400]: LP
	bnd = 38400.000000
	its = 1
	hyp = 1573 / 5318
	cut = 81098
1964626 [0, 38400]: LP
	bnd = 38400.000000
	its = 1
	hyp = 1573 / 5318
	cut = 81176
1966363 [0, 38400]: LP
	bnd = 38400.000000
	its = 1
	hyp = 1573 / 5318
	cut = 81254
1968090 [0, 38400]: LP
	bnd = 38400.000000
	its = 1
	hyp = 1573 / 5318
	cut = 81332
1969908 [0, 38400]: LP
	bnd = 38400.000000
	its = 1
	hyp = 1573 / 5318
	cut = 81410
1971706 [0, 38400]: LP
	bnd = 38400.000000
	its = 1
	hyp = 1573 / 5318
	cut = 81488
1973505 [0, 38400]: LP
	bnd = 38400.000000
	its = 1
	hyp = 1573 / 5318
	cut = 81566
1975291 [0, 38400]: LP
	bnd = 38400.000000
	its = 1
	hyp = 1573 / 5318
	cut = 81644
1977071 [0, 38400]: LP
	bnd = 38400.000000
	its = 1
	hyp = 1573 / 5318
	cut = 81722
1978868 [0, 38400]: LP
	bnd = 38400.000000
	its = 1
	hyp = 1573 / 5318
	cut = 81800
1980650 [0, 38400]: LP
	bnd = 38400.000000
	its = 1
	hyp = 1573 / 5318
	cut = 81878
1982422 [0, 38400]: LP
	bnd = 38400.000000
	its = 1
	hyp = 1573 / 5318
	cut = 81956
1984223 [0, 38400]: LP
	bnd = 38400.000000
	its = 1
	hyp = 1573 / 5318
	cut = 82034
1985977 [0, 38400]: LP
	bnd = 38400.000000
	its = 1
	hyp = 1573 / 5318
	cut = 82112
1987776 [0, 38400]: LP
	bnd = 38400.000000
	its = 1
	hyp = 1573 / 5318
	cut = 82190
1989582 [0, 38400]: LP
	bnd = 38400.000000
	its = 1
	hyp = 1573 / 5318
	cut = 82268
1991382 [0, 38400]: LP
	bnd = 38400.000000
	its = 1
	hyp = 1573 / 5318
	cut = 82346
1993160 [0, 38400]: LP
	bnd = 38400.000000
	its = 1
	hyp = 1573 / 5318
	cut = 82424
1994930 [0, 38400]: LP
	bnd = 38400.000000
	its = 1
	hyp = 1573 / 5318
	cut = 82502
1996663 [0, 38400]: LP
	bnd = 38400.000000
	its = 1
	hyp = 1573 / 5318
	cut = 82580
1998423 [0, 38400]: LP
	bnd = 38400.000000
	its = 1
	hyp = 1573 / 5318
	cut = 82658
2000192 [0, 38400]: LP
	bnd = 38400.000000
	its = 1
	hyp = 1573 / 5318
	cut = 82736
2001981 [0, 38400]: LP
	bnd = 38400.000000
	its = 1
	hyp = 1573 / 5318
	cut = 82814
2003759 [0, 38400]: LP
	bnd = 38400.000000
	its = 1
	hyp = 1573 / 5318
	cut = 82892
2005592 [0, 38400]: LP
	bnd = 38400.000000
	its = 1
	hyp = 1573 / 5318
	cut = 82970
2007381 [0, 38400]: LP
	bnd = 38400.000000
	its = 1
	hyp = 1573 / 5318
	cut = 83048
2009175 [0, 38400]: LP
	bnd = 38400.000000
	its = 1
	hyp = 1573 / 5318
	cut = 83126
2010980 [0, 38400]: LP
	bnd = 38400.000000
	its = 1
	hyp = 1573 / 5318
	cut = 83204
2012781 [0, 38400]: LP
	bnd = 38400.000000
	its = 1
	hyp = 1573 / 5318
	cut = 83282
2014580 [0, 38400]: LP
	bnd = 38400.000000
	its = 1
	hyp = 1573 / 5318
	cut = 83360
2016379 [0, 38400]: LP
	bnd = 38400.000000
	its = 1
	hyp = 1573 / 5318
	cut = 83438
2018178 [0, 38400]: LP
	bnd = 38400.000000
	its = 1
	hyp = 1573 / 5318
	cut = 83516
2019969 [0, 38400]: LP
	bnd = 38400.000000
	its = 1
	hyp = 1573 / 5318
	cut = 83594
2021790 [0, 38400]: LP
	bnd = 38400.000000
	its = 1
	hyp = 1573 / 5318
	cut = 83672
2023573 [0, 38400]: LP
	bnd = 38400.000000
	its = 1
	hyp = 1573 / 5318
	cut = 83750
2025378 [0, 38400]: LP
	bnd = 38400.000000
	its = 1
	hyp = 1573 / 5318
	cut = 83828
2027192 [0, 38400]: LP
	bnd = 38400.000000
	its = 1
	hyp = 1573 / 5318
	cut = 83906
2028993 [0, 38400]: LP
	bnd = 38400.000000
	its = 1
	hyp = 1573 / 5318
	cut = 83984
2030818 [0, 38400]: LP
	bnd = 38400.000000
	its = 1
	hyp = 1573 / 5318
	cut = 84062
2032604 [0, 38400]: LP
	bnd = 38400.000000
	its = 1
	hyp = 1573 / 5318
	cut = 84140
2034436 [0, 38400]: LP
	bnd = 38400.000000
	its = 1
	hyp = 1573 / 5318
	cut = 84218
2036225 [0, 38400]: LP
	bnd = 38400.000000
	its = 1
	hyp = 1573 / 5318
	cut = 84296
2038016 [0, 38400]: LP
	bnd = 38400.000000
	its = 1
	hyp = 1573 / 5318
	cut = 84374
2039831 [0, 38400]: LP
	bnd = 38400.000000
	its = 1
	hyp = 1573 / 5318
	cut = 84452
2041652 [0, 38400]: LP
	bnd = 38400.000000
	its = 1
	hyp = 1573 / 5318
	cut = 84530
2043481 [0, 38400]: LP
	bnd = 38400.000000
	its = 1
	hyp = 1573 / 5318
	cut = 84608
2045327 [0, 38400]: LP
	bnd = 38400.000000
	its = 1
	hyp = 1573 / 5318
	cut = 84686
2047146 [0, 38400]: LP
	bnd = 38400.000000
	its = 1
	hyp = 1573 / 5318
	cut = 84764
2048954 [0, 38400]: LP
	bnd = 38400.000000
	its = 1
	hyp = 1573 / 5318
	cut = 84842
2050804 [0, 38400]: LP
	bnd = 38400.000000
	its = 1
	hyp = 1573 / 5318
	cut = 84920
2052614 [0, 38400]: LP
	bnd = 38400.000000
	its = 1
	hyp = 1573 / 5318
	cut = 84998
2054424 [0, 38400]: LP
	bnd = 38400.000000
	its = 1
	hyp = 1573 / 5318
	cut = 85076
2056229 [0, 38400]: LP
	bnd = 38400.000000
	its = 1
	hyp = 1573 / 5318
	cut = 85154
2058024 [0, 38400]: LP
	bnd = 38400.000000
	its = 1
	hyp = 1573 / 5318
	cut = 85232
2059806 [0, 38400]: LP
	bnd = 38400.000000
	its = 1
	hyp = 1573 / 5318
	cut = 85310
2061564 [0, 38400]: LP
	bnd = 38400.000000
	its = 1
	hyp = 1573 / 5318
	cut = 85388
2063391 [0, 38400]: LP
	bnd = 38400.000000
	its = 1
	hyp = 1573 / 5318
	cut = 85466
2065200 [0, 38400]: LP
	bnd = 38400.000000
	its = 1
	hyp = 1573 / 5318
	cut = 85544
2067003 [0, 38400]: LP
	bnd = 38400.000000
	its = 1
	hyp = 1573 / 5318
	cut = 85622
2068823 [0, 38400]: LP
	bnd = 38400.000000
	its = 1
	hyp = 1573 / 5318
	cut = 85700
2070623 [0, 38400]: LP
	bnd = 38400.000000
	its = 1
	hyp = 1573 / 5318
	cut = 85778
2072448 [0, 38400]: LP
	bnd = 38400.000000
	its = 1
	hyp = 1573 / 5318
	cut = 85856
2074265 [0, 38400]: LP
	bnd = 38400.000000
	its = 1
	hyp = 1573 / 5318
	cut = 85934
2076083 [0, 38400]: LP
	bnd = 38400.000000
	its = 1
	hyp = 1573 / 5318
	cut = 86012
2077909 [0, 38400]: LP
	bnd = 38400.000000
	its = 1
	hyp = 1573 / 5318
	cut = 86090
2079733 [0, 38400]: LP
	bnd = 38400.000000
	its = 1
	hyp = 1573 / 5318
	cut = 86168
2081531 [0, 38400]: LP
	bnd = 38400.000000
	its = 1
	hyp = 1573 / 5318
	cut = 86246
2083310 [0, 38400]: LP
	bnd = 38400.000000
	its = 1
	hyp = 1573 / 5318
	cut = 86324
2085126 [0, 38400]: LP
	bnd = 38400.000000
	its = 1
	hyp = 1573 / 5318
	cut = 86402
2086945 [0, 38400]: LP
	bnd = 38400.000000
	its = 1
	hyp = 1573 / 5318
	cut = 86480
2088778 [0, 38400]: LP
	bnd = 38400.000000
	its = 1
	hyp = 1573 / 5318
	cut = 86558
2090605 [0, 38400]: LP
	bnd = 38400.000000
	its = 1
	hyp = 1573 / 5318
	cut = 86636
2092431 [0, 38400]: LP
	bnd = 38400.000000
	its = 1
	hyp = 1573 / 5318
	cut = 86714
2094242 [0, 38400]: LP
	bnd = 38400.000000
	its = 1
	hyp = 1573 / 5318
	cut = 86792
2096070 [0, 38400]: LP
	bnd = 38400.000000
	its = 1
	hyp = 1573 / 5318
	cut = 86870
2097879 [0, 38400]: LP
	bnd = 38400.000000
	its = 1
	hyp = 1573 / 5318
	cut = 86948
2099707 [0, 38400]: LP
	bnd = 38400.000000
	its = 1
	hyp = 1573 / 5318
	cut = 87026
2101536 [0, 38400]: LP
	bnd = 38400.000000
	its = 1
	hyp = 1573 / 5318
	cut = 87104
2103356 [0, 38400]: LP
	bnd = 38400.000000
	its = 1
	hyp = 1573 / 5318
	cut = 87182
2105175 [0, 38400]: LP
	bnd = 38400.000000
	its = 1
	hyp = 1573 / 5318
	cut = 87260
2107014 [0, 38400]: LP
	bnd = 38400.000000
	its = 1
	hyp = 1573 / 5318
	cut = 87338
2108834 [0, 38400]: LP
	bnd = 38400.000000
	its = 1
	hyp = 1573 / 5318
	cut = 87416
2110666 [0, 38400]: LP
	bnd = 38400.000000
	its = 1
	hyp = 1573 / 5318
	cut = 87494
2112493 [0, 38400]: LP
	bnd = 38400.000000
	its = 1
	hyp = 1573 / 5318
	cut = 87572
2114322 [0, 38400]: LP
	bnd = 38400.000000
	its = 1
	hyp = 1573 / 5318
	cut = 87650
2116222 [0, 38400]: LP
	bnd = 38400.000000
	its = 1
	hyp = 1573 / 5318
	cut = 87728
2118097 [0, 38400]: LP
	bnd = 38400.000000
	its = 1
	hyp = 1573 / 5318
	cut = 87806
2119938 [0, 38400]: LP
	bnd = 38400.000000
	its = 1
	hyp = 1573 / 5318
	cut = 87884
2121829 [0, 38400]: LP
	bnd = 38400.000000
	its = 1
	hyp = 1573 / 5318
	cut = 87962
2123704 [0, 38400]: LP
	bnd = 38400.000000
	its = 1
	hyp = 1573 / 5318
	cut = 88040
2125512 [0, 38400]: LP
	bnd = 38400.000000
	its = 1
	hyp = 1573 / 5318
	cut = 88118
2127404 [0, 38400]: LP
	bnd = 38400.000000
	its = 1
	hyp = 1573 / 5318
	cut = 88196
2129296 [0, 38400]: LP
	bnd = 38400.000000
	its = 1
	hyp = 1573 / 5318
	cut = 88274
2131193 [0, 38400]: LP
	bnd = 38400.000000
	its = 1
	hyp = 1573 / 5318
	cut = 88352
2133077 [0, 38400]: LP
	bnd = 38400.000000
	its = 1
	hyp = 1573 / 5318
	cut = 88430
2134962 [0, 38400]: LP
	bnd = 38400.000000
	its = 1
	hyp = 1573 / 5318
	cut = 88508
2136778 [0, 38400]: LP
	bnd = 38400.000000
	its = 1
	hyp = 1573 / 5318
	cut = 88586
2138659 [0, 38400]: LP
	bnd = 38400.000000
	its = 1
	hyp = 1573 / 5318
	cut = 88664
2140553 [0, 38400]: LP
	bnd = 38400.000000
	its = 1
	hyp = 1573 / 5318
	cut = 88742
2142437 [0, 38400]: LP
	bnd = 38400.000000
	its = 1
	hyp = 1573 / 5318
	cut = 88820
2144314 [0, 38400]: LP
	bnd = 38400.000000
	its = 1
	hyp = 1573 / 5318
	cut = 88898
2146206 [0, 38400]: LP
	bnd = 38400.000000
	its = 1
	hyp = 1573 / 5318
	cut = 88976
2148094 [0, 38400]: LP
	bnd = 38400.000000
	its = 1
	hyp = 1573 / 5318
	cut = 89054
2149978 [0, 38400]: LP
	bnd = 38400.000000
	its = 1
	hyp = 1573 / 5318
	cut = 89132
2151860 [0, 38400]: LP
	bnd = 38400.000000
	its = 1
	hyp = 1573 / 5318
	cut = 89210
2153745 [0, 38400]: LP
	bnd = 38400.000000
	its = 1
	hyp = 1573 / 5318
	cut = 89288
2155630 [0, 38400]: LP
	bnd = 38400.000000
	its = 1
	hyp = 1573 / 5318
	cut = 89366
2157508 [0, 38400]: LP
	bnd = 38400.000000
	its = 1
	hyp = 1573 / 5318
	cut = 89444
2159407 [0, 38400]: LP
	bnd = 38400.000000
	its = 1
	hyp = 1573 / 5318
	cut = 89522
2161302 [0, 38400]: LP
	bnd = 38400.000000
	its = 1
	hyp = 1573 / 5318
	cut = 89600
2163191 [0, 38400]: LP
	bnd = 38400.000000
	its = 1
	hyp = 1573 / 5318
	cut = 89678
2165102 [0, 38400]: LP
	bnd = 38400.000000
	its = 1
	hyp = 1573 / 5318
	cut = 89756
2167012 [0, 38400]: LP
	bnd = 38400.000000
	its = 1
	hyp = 1573 / 5318
	cut = 89834
2168884 [0, 38400]: LP
	bnd = 38400.000000
	its = 1
	hyp = 1573 / 5318
	cut = 89912
2170759 [0, 38400]: LP
	bnd = 38400.000000
	its = 1
	hyp = 1573 / 5318
	cut = 89990
2172653 [0, 38400]: LP
	bnd = 38400.000000
	its = 1
	hyp = 1573 / 5318
	cut = 90068
2174560 [0, 38400]: LP
	bnd = 38400.000000
	its = 1
	hyp = 1573 / 5318
	cut = 90146
2176395 [0, 38400]: LP
	bnd = 38400.000000
	its = 1
	hyp = 1573 / 5318
	cut = 90224
2178302 [0, 38400]: LP
	bnd = 38400.000000
	its = 1
	hyp = 1573 / 5318
	cut = 90302
2180203 [0, 38400]: LP
	bnd = 38400.000000
	its = 1
	hyp = 1573 / 5318
	cut = 90380
2182115 [0, 38400]: LP
	bnd = 38400.000000
	its = 1
	hyp = 1573 / 5318
	cut = 90458
2184008 [0, 38400]: LP
	bnd = 38400.000000
	its = 1
	hyp = 1573 / 5318
	cut = 90536
2185912 [0, 38400]: LP
	bnd = 38400.000000
	its = 1
	hyp = 1573 / 5318
	cut = 90614
2187800 [0, 38400]: LP
	bnd = 38400.000000
	its = 1
	hyp = 1573 / 5318
	cut = 90692
2189705 [0, 38400]: LP
	bnd = 38400.000000
	its = 1
	hyp = 1573 / 5318
	cut = 90770
2191604 [0, 38400]: LP
	bnd = 38400.000000
	its = 1
	hyp = 1573 / 5318
	cut = 90848
2193520 [0, 38400]: LP
	bnd = 38400.000000
	its = 1
	hyp = 1573 / 5318
	cut = 90926
2195407 [0, 38400]: LP
	bnd = 38400.000000
	its = 1
	hyp = 1573 / 5318
	cut = 91004
2197317 [0, 38400]: LP
	bnd = 38400.000000
	its = 1
	hyp = 1573 / 5318
	cut = 91082
2199152 [0, 38400]: LP
	bnd = 38400.000000
	its = 1
	hyp = 1573 / 5318
	cut = 91160
2201051 [0, 38400]: LP
	bnd = 38400.000000
	its = 1
	hyp = 1573 / 5318
	cut = 91238
2202959 [0, 38400]: LP
	bnd = 38400.000000
	its = 1
	hyp = 1573 / 5318
	cut = 91316
2204867 [0, 38400]: LP
	bnd = 38400.000000
	its = 1
	hyp = 1573 / 5318
	cut = 91394
2206787 [0, 38400]: LP
	bnd = 38400.000000
	its = 1
	hyp = 1573 / 5318
	cut = 91472
2208672 [0, 38400]: LP
	bnd = 38400.000000
	its = 1
	hyp = 1573 / 5318
	cut = 91550
2210577 [0, 38400]: LP
	bnd = 38400.000000
	its = 1
	hyp = 1573 / 5318
	cut = 91628
2212480 [0, 38400]: LP
	bnd = 38400.000000
	its = 1
	hyp = 1573 / 5318
	cut = 91706
2214351 [0, 38400]: LP
	bnd = 38400.000000
	its = 1
	hyp = 1573 / 5318
	cut = 91784
2216262 [0, 38400]: LP
	bnd = 38400.000000
	its = 1
	hyp = 1573 / 5318
	cut = 91862
2218166 [0, 38400]: LP
	bnd = 38400.000000
	its = 1
	hyp = 1573 / 5318
	cut = 91940
2220067 [0, 38400]: LP
	bnd = 38400.000000
	its = 1
	hyp = 1573 / 5318
	cut = 92018
2221958 [0, 38400]: LP
	bnd = 38400.000000
	its = 1
	hyp = 1573 / 5318
	cut = 92096
2223857 [0, 38400]: LP
	bnd = 38400.000000
	its = 1
	hyp = 1573 / 5318
	cut = 92174
2225765 [0, 38400]: LP
	bnd = 38400.000000
	its = 1
	hyp = 1573 / 5318
	cut = 92252
2227679 [0, 38400]: LP
	bnd = 38400.000000
	its = 1
	hyp = 1573 / 5318
	cut = 92330
2229576 [0, 38400]: LP
	bnd = 38400.000000
	its = 1
	hyp = 1573 / 5318
	cut = 92408
2231482 [0, 38400]: LP
	bnd = 38400.000000
	its = 1
	hyp = 1573 / 5318
	cut = 92486
2233376 [0, 38400]: LP
	bnd = 38400.000000
	its = 1
	hyp = 1573 / 5318
	cut = 92564
2235274 [0, 38400]: LP
	bnd = 38400.000000
	its = 1
	hyp = 1573 / 5318
	cut = 92642
2237197 [0, 38400]: LP
	bnd = 38400.000000
	its = 1
	hyp = 1573 / 5318
	cut = 92720
2239111 [0, 38400]: LP
	bnd = 38400.000000
	its = 1
	hyp = 1573 / 5318
	cut = 92798
2241034 [0, 38400]: LP
	bnd = 38400.000000
	its = 1
	hyp = 1573 / 5318
	cut = 92876
2242975 [0, 38400]: LP
	bnd = 38400.000000
	its = 1
	hyp = 1573 / 5318
	cut = 92954
2244875 [0, 38400]: LP
	bnd = 38400.000000
	its = 1
	hyp = 1573 / 5318
	cut = 93032
2246787 [0, 38400]: LP
	bnd = 38400.000000
	its = 1
	hyp = 1573 / 5318
	cut = 93110
2248695 [0, 38400]: LP
	bnd = 38400.000000
	its = 1
	hyp = 1573 / 5318
	cut = 93188
2250614 [0, 38400]: LP
	bnd = 38400.000000
	its = 1
	hyp = 1573 / 5318
	cut = 93266
2252541 [0, 38400]: LP
	bnd = 38400.000000
	its = 1
	hyp = 1573 / 5318
	cut = 93344
2254478 [0, 38400]: LP
	bnd = 38400.000000
	its = 1
	hyp = 1573 / 5318
	cut = 93422
2256398 [0, 38400]: LP
	bnd = 38400.000000
	its = 1
	hyp = 1573 / 5318
	cut = 93500
2258316 [0, 38400]: LP
	bnd = 38400.000000
	its = 1
	hyp = 1573 / 5318
	cut = 93578
2260226 [0, 38400]: LP
	bnd = 38400.000000
	its = 1
	hyp = 1573 / 5318
	cut = 93656
2262147 [0, 38400]: LP
	bnd = 38400.000000
	its = 1
	hyp = 1573 / 5318
	cut = 93734
2264077 [0, 38400]: LP
	bnd = 38400.000000
	its = 1
	hyp = 1573 / 5318
	cut = 93812
2265978 [0, 38400]: LP
	bnd = 38400.000000
	its = 1
	hyp = 1573 / 5318
	cut = 93890
2267868 [0, 38400]: LP
	bnd = 38400.000000
	its = 1
	hyp = 1573 / 5318
	cut = 93968
2269794 [0, 38400]: LP
	bnd = 38400.000000
	its = 1
	hyp = 1573 / 5318
	cut = 94046
2271719 [0, 38400]: LP
	bnd = 38400.000000
	its = 1
	hyp = 1573 / 5318
	cut = 94124
2273648 [0, 38400]: LP
	bnd = 38400.000000
	its = 1
	hyp = 1573 / 5318
	cut = 94202
2275577 [0, 38400]: LP
	bnd = 38400.000000
	its = 1
	hyp = 1573 / 5318
	cut = 94280
2277510 [0, 38400]: LP
	bnd = 38400.000000
	its = 1
	hyp = 1573 / 5318
	cut = 94358
2279432 [0, 38400]: LP
	bnd = 38400.000000
	its = 1
	hyp = 1573 / 5318
	cut = 94436
2281374 [0, 38400]: LP
	bnd = 38400.000000
	its = 1
	hyp = 1573 / 5318
	cut = 94514
2283234 [0, 38400]: LP
	bnd = 38400.000000
	its = 1
	hyp = 1573 / 5318
	cut = 94592
2285187 [0, 38400]: LP
	bnd = 38400.000000
	its = 1
	hyp = 1573 / 5318
	cut = 94670
2287126 [0, 38400]: LP
	bnd = 38400.000000
	its = 1
	hyp = 1573 / 5318
	cut = 94748
2289055 [0, 38400]: LP
	bnd = 38400.000000
	its = 1
	hyp = 1573 / 5318
	cut = 94826
2291007 [0, 38400]: LP
	bnd = 38400.000000
	its = 1
	hyp = 1573 / 5318
	cut = 94904
2292935 [0, 38400]: LP
	bnd = 38400.000000
	its = 1
	hyp = 1573 / 5318
	cut = 94982
2294841 [0, 38400]: LP
	bnd = 38400.000000
	its = 1
	hyp = 1573 / 5318
	cut = 95060
2296755 [0, 38400]: LP
	bnd = 38400.000000
	its = 1
	hyp = 1573 / 5318
	cut = 95138
2298680 [0, 38400]: LP
	bnd = 38400.000000
	its = 1
	hyp = 1573 / 5318
	cut = 95216
2300617 [0, 38400]: LP
	bnd = 38400.000000
	its = 1
	hyp = 1573 / 5318
	cut = 95294
2302536 [0, 38400]: LP
	bnd = 38400.000000
	its = 1
	hyp = 1573 / 5318
	cut = 95372
2304465 [0, 38400]: LP
	bnd = 38400.000000
	its = 1
	hyp = 1573 / 5318
	cut = 95450
2306406 [0, 38400]: LP
	bnd = 38400.000000
	its = 1
	hyp = 1573 / 5318
	cut = 95528
2308328 [0, 38400]: LP
	bnd = 38400.000000
	its = 1
	hyp = 1573 / 5318
	cut = 95606
2310231 [0, 38400]: LP
	bnd = 38400.000000
	its = 1
	hyp = 1573 / 5318
	cut = 95684
2312133 [0, 38400]: LP
	bnd = 38400.000000
	its = 1
	hyp = 1573 / 5318
	cut = 95762
2314033 [0, 38400]: LP
	bnd = 38400.000000
	its = 1
	hyp = 1573 / 5318
	cut = 95840
2315953 [0, 38400]: LP
	bnd = 38400.000000
	its = 1
	hyp = 1573 / 5318
	cut = 95918
2317838 [0, 38400]: LP
	bnd = 38400.000000
	its = 1
	hyp = 1573 / 5318
	cut = 95996
2319775 [0, 38400]: LP
	bnd = 38400.000000
	its = 1
	hyp = 1573 / 5318
	cut = 96074
2321665 [0, 38400]: LP
	bnd = 38400.000000
	its = 1
	hyp = 1573 / 5318
	cut = 96152
2323289 [0, 38400]: HEURISTIC 9
2323598 [0, 38400]: LP
	bnd = 38400.000000
	its = 1
	hyp = 1573 / 5318
	cut = 96230
2325545 [0, 38400]: LP
	bnd = 38400.000000
	its = 1
	hyp = 1573 / 5318
	cut = 96308
2327439 [0, 38400]: LP
	bnd = 38400.000000
	its = 1
	hyp = 1573 / 5318
	cut = 96386
2329321 [0, 38400]: LP
	bnd = 38400.000000
	its = 1
	hyp = 1573 / 5318
	cut = 96464
2331273 [0, 38400]: LP
	bnd = 38400.000000
	its = 1
	hyp = 1573 / 5318
	cut = 96542
2333158 [0, 38400]: LP
	bnd = 38400.000000
	its = 1
	hyp = 1573 / 5318
	cut = 96620
2335046 [0, 38400]: LP
	bnd = 38400.000000
	its = 1
	hyp = 1573 / 5318
	cut = 96698
2336919 [0, 38400]: LP
	bnd = 38400.000000
	its = 1
	hyp = 1573 / 5318
	cut = 96776
2338773 [0, 38400]: LP
	bnd = 38400.000000
	its = 1
	hyp = 1573 / 5318
	cut = 96854
2340704 [0, 38400]: LP
	bnd = 38400.000000
	its = 1
	hyp = 1573 / 5318
	cut = 96932
2342542 [0, 38400]: LP
	bnd = 38400.000000
	its = 1
	hyp = 1573 / 5318
	cut = 97010
2344432 [0, 38400]: LP
	bnd = 38400.000000
	its = 1
	hyp = 1573 / 5318
	cut = 97088
2346321 [0, 38400]: LP
	bnd = 38400.000000
	its = 1
	hyp = 1573 / 5318
	cut = 97166
2348208 [0, 38400]: LP
	bnd = 38400.000000
	its = 1
	hyp = 1573 / 5318
	cut = 97244
2350156 [0, 38400]: LP
	bnd = 38400.000000
	its = 1
	hyp = 1573 / 5318
	cut = 97322
2352040 [0, 38400]: LP
	bnd = 38400.000000
	its = 1
	hyp = 1573 / 5318
	cut = 97400
2353924 [0, 38400]: LP
	bnd = 38400.000000
	its = 1
	hyp = 1573 / 5318
	cut = 97478
2355807 [0, 38400]: LP
	bnd = 38400.000000
	its = 1
	hyp = 1573 / 5318
	cut = 97556
2357659 [0, 38400]: LP
	bnd = 38400.000000
	its = 1
	hyp = 1573 / 5318
	cut = 97634
2359520 [0, 38400]: LP
	bnd = 38400.000000
	its = 1
	hyp = 1573 / 5318
	cut = 97712
2361403 [0, 38400]: LP
	bnd = 38400.000000
	its = 1
	hyp = 1573 / 5318
	cut = 97790
2363288 [0, 38400]: LP
	bnd = 38400.000000
	its = 1
	hyp = 1573 / 5318
	cut = 97868
2365168 [0, 38400]: LP
	bnd = 38400.000000
	its = 1
	hyp = 1573 / 5318
	cut = 97946
2367054 [0, 38400]: LP
	bnd = 38400.000000
	its = 1
	hyp = 1573 / 5318
	cut = 98024
2368936 [0, 38400]: LP
	bnd = 38400.000000
	its = 1
	hyp = 1573 / 5318
	cut = 98102
2370823 [0, 38400]: LP
	bnd = 38400.000000
	its = 1
	hyp = 1573 / 5318
	cut = 98180
2372720 [0, 38400]: LP
	bnd = 38400.000000
	its = 1
	hyp = 1573 / 5318
	cut = 98258
2374609 [0, 38400]: LP
	bnd = 38400.000000
	its = 1
	hyp = 1573 / 5318
	cut = 98336
2376494 [0, 38400]: LP
	bnd = 38400.000000
	its = 1
	hyp = 1573 / 5318
	cut = 98414
2378379 [0, 38400]: LP
	bnd = 38400.000000
	its = 1
	hyp = 1573 / 5318
	cut = 98492
2380281 [0, 38400]: LP
	bnd = 38400.000000
	its = 1
	hyp = 1573 / 5318
	cut = 98570
2382176 [0, 38400]: LP
	bnd = 38400.000000
	its = 1
	hyp = 1573 / 5318
	cut = 98648
2384072 [0, 38400]: LP
	bnd = 38400.000000
	its = 1
	hyp = 1573 / 5318
	cut = 98726
2386019 [0, 38400]: LP
	bnd = 38400.000000
	its = 1
	hyp = 1573 / 5318
	cut = 98804
2387919 [0, 38400]: LP
	bnd = 38400.000000
	its = 1
	hyp = 1573 / 5318
	cut = 98882
2389812 [0, 38400]: LP
	bnd = 38400.000000
	its = 1
	hyp = 1573 / 5318
	cut = 98960
2391681 [0, 38400]: LP
	bnd = 38400.000000
	its = 1
	hyp = 1573 / 5318
	cut = 99038
2393570 [0, 38400]: LP
	bnd = 38400.000000
	its = 1
	hyp = 1573 / 5318
	cut = 99116
2395524 [0, 38400]: LP
	bnd = 38400.000000
	its = 1
	hyp = 1573 / 5318
	cut = 99194
2397402 [0, 38400]: LP
	bnd = 38400.000000
	its = 1
	hyp = 1573 / 5318
	cut = 99272
2399277 [0, 38400]: LP
	bnd = 38400.000000
	its = 1
	hyp = 1573 / 5318
	cut = 99350
2401171 [0, 38400]: LP
	bnd = 38400.000000
	its = 1
	hyp = 1573 / 5318
	cut = 99428
2403068 [0, 38400]: LP
	bnd = 38400.000000
	its = 1
	hyp = 1573 / 5318
	cut = 99506
2405012 [0, 38400]: LP
	bnd = 38400.000000
	its = 1
	hyp = 1573 / 5318
	cut = 99584
2406912 [0, 38400]: LP
	bnd = 38400.000000
	its = 1
	hyp = 1573 / 5318
	cut = 99662
2408805 [0, 38400]: LP
	bnd = 38400.000000
	its = 1
	hyp = 1573 / 5318
	cut = 99740
2410709 [0, 38400]: LP
	bnd = 38400.000000
	its = 1
	hyp = 1573 / 5318
	cut = 99818
2412594 [0, 38400]: LP
	bnd = 38400.000000
	its = 1
	hyp = 1573 / 5318
	cut = 99896
2414490 [0, 38400]: LP
	bnd = 38400.000000
	its = 1
	hyp = 1573 / 5318
	cut = 99974
2416368 [0, 38400]: LP
	bnd = 38400.000000
	its = 1
	hyp = 1573 / 5318
	cut = 100052
2418249 [0, 38400]: LP
	bnd = 38400.000000
	its = 1
	hyp = 1573 / 5318
	cut = 100130
2420123 [0, 38400]: LP
	bnd = 38400.000000
	its = 1
	hyp = 1573 / 5318
	cut = 100208
2422009 [0, 38400]: LP
	bnd = 38400.000000
	its = 1
	hyp = 1573 / 5318
	cut = 100286
2423903 [0, 38400]: LP
	bnd = 38400.000000
	its = 1
	hyp = 1573 / 5318
	cut = 100364
2425834 [0, 38400]: LP
	bnd = 38400.000000
	its = 1
	hyp = 1573 / 5318
	cut = 100442
2427734 [0, 38400]: LP
	bnd = 38400.000000
	its = 1
	hyp = 1573 / 5318
	cut = 100520
2429641 [0, 38400]: LP
	bnd = 38400.000000
	its = 1
	hyp = 1573 / 5318
	cut = 100598
2431528 [0, 38400]: LP
	bnd = 38400.000000
	its = 1
	hyp = 1573 / 5318
	cut = 100676
2433411 [0, 38400]: LP
	bnd = 38400.000000
	its = 1
	hyp = 1573 / 5318
	cut = 100754
2435329 [0, 38400]: LP
	bnd = 38400.000000
	its = 1
	hyp = 1573 / 5318
	cut = 100832
2437232 [0, 38400]: LP
	bnd = 38400.000000
	its = 1
	hyp = 1573 / 5318
	cut = 100910
2439160 [0, 38400]: LP
	bnd = 38400.000000
	its = 1
	hyp = 1573 / 5318
	cut = 100988
2441134 [0, 38400]: LP
	bnd = 38400.000000
	its = 1
	hyp = 1573 / 5318
	cut = 101066
2443060 [0, 38400]: LP
	bnd = 38400.000000
	its = 1
	hyp = 1573 / 5318
	cut = 101144
2444976 [0, 38400]: LP
	bnd = 38400.000000
	its = 1
	hyp = 1573 / 5318
	cut = 101222
2446889 [0, 38400]: LP
	bnd = 38400.000000
	its = 1
	hyp = 1573 / 5318
	cut = 101300
2448811 [0, 38400]: LP
	bnd = 38400.000000
	its = 1
	hyp = 1573 / 5318
	cut = 101378
2450816 [0, 38400]: LP
	bnd = 38400.000000
	its = 1
	hyp = 1573 / 5318
	cut = 101456
2452754 [0, 38400]: LP
	bnd = 38400.000000
	its = 1
	hyp = 1573 / 5318
	cut = 101534
2454711 [0, 38400]: LP
	bnd = 38400.000000
	its = 1
	hyp = 1573 / 5318
	cut = 101612
2456601 [0, 38400]: LP
	bnd = 38400.000000
	its = 1
	hyp = 1573 / 5318
	cut = 101690
2458540 [0, 38400]: LP
	bnd = 38400.000000
	its = 1
	hyp = 1573 / 5318
	cut = 101768
2460538 [0, 38400]: LP
	bnd = 38400.000000
	its = 1
	hyp = 1573 / 5318
	cut = 101846
2462454 [0, 38400]: LP
	bnd = 38400.000000
	its = 1
	hyp = 1573 / 5318
	cut = 101924
2464384 [0, 38400]: LP
	bnd = 38400.000000
	its = 1
	hyp = 1573 / 5318
	cut = 102002
2466306 [0, 38400]: LP
	bnd = 38400.000000
	its = 1
	hyp = 1573 / 5318
	cut = 102080
2468221 [0, 38400]: LP
	bnd = 38400.000000
	its = 1
	hyp = 1573 / 5318
	cut = 102158
2470136 [0, 38400]: LP
	bnd = 38400.000000
	its = 1
	hyp = 1573 / 5318
	cut = 102236
2472045 [0, 38400]: LP
	bnd = 38400.000000
	its = 1
	hyp = 1573 / 5318
	cut = 102314
2473935 [0, 38400]: LP
	bnd = 38400.000000
	its = 1
	hyp = 1573 / 5318
	cut = 102392
2475855 [0, 38400]: LP
	bnd = 38400.000000
	its = 1
	hyp = 1573 / 5318
	cut = 102470
2477779 [0, 38400]: LP
	bnd = 38400.000000
	its = 1
	hyp = 1573 / 5318
	cut = 102548
2479690 [0, 38400]: LP
	bnd = 38400.000000
	its = 1
	hyp = 1573 / 5318
	cut = 102626
2481616 [0, 38400]: LP
	bnd = 38400.000000
	its = 1
	hyp = 1573 / 5318
	cut = 102704
2483530 [0, 38400]: LP
	bnd = 38400.000000
	its = 1
	hyp = 1573 / 5318
	cut = 102782
2485457 [0, 38400]: LP
	bnd = 38400.000000
	its = 1
	hyp = 1573 / 5318
	cut = 102860
2487430 [0, 38400]: LP
	bnd = 38400.000000
	its = 1
	hyp = 1573 / 5318
	cut = 102938
2489339 [0, 38400]: LP
	bnd = 38400.000000
	its = 1
	hyp = 1573 / 5318
	cut = 103016
2491260 [0, 38400]: LP
	bnd = 38400.000000
	its = 1
	hyp = 1573 / 5318
	cut = 103094
2493172 [0, 38400]: LP
	bnd = 38400.000000
	its = 1
	hyp = 1573 / 5318
	cut = 103172
2495087 [0, 38400]: LP
	bnd = 38400.000000
	its = 1
	hyp = 1573 / 5318
	cut = 103250
2497070 [0, 38400]: LP
	bnd = 38400.000000
	its = 1
	hyp = 1573 / 5318
	cut = 103328
2498956 [0, 38400]: LP
	bnd = 38400.000000
	its = 1
	hyp = 1573 / 5318
	cut = 103406
2500875 [0, 38400]: LP
	bnd = 38400.000000
	its = 1
	hyp = 1573 / 5318
	cut = 103484
2502800 [0, 38400]: LP
	bnd = 38400.000000
	its = 1
	hyp = 1573 / 5318
	cut = 103562
2504721 [0, 38400]: LP
	bnd = 38400.000000
	its = 1
	hyp = 1573 / 5318
	cut = 103640
2506709 [0, 38400]: LP
	bnd = 38400.000000
	its = 1
	hyp = 1573 / 5318
	cut = 103718
2508631 [0, 38400]: LP
	bnd = 38400.000000
	its = 1
	hyp = 1573 / 5318
	cut = 103796
2510556 [0, 38400]: LP
	bnd = 38400.000000
	its = 1
	hyp = 1573 / 5318
	cut = 103874
2512465 [0, 38400]: LP
	bnd = 38400.000000
	its = 1
	hyp = 1573 / 5318
	cut = 103952
2514366 [0, 38400]: LP
	bnd = 38400.000000
	its = 1
	hyp = 1573 / 5318
	cut = 104030
2516300 [0, 38400]: LP
	bnd = 38400.000000
	its = 1
	hyp = 1573 / 5318
	cut = 104108
2518226 [0, 38400]: LP
	bnd = 38400.000000
	its = 1
	hyp = 1573 / 5318
	cut = 104186
2520157 [0, 38400]: LP
	bnd = 38400.000000
	its = 1
	hyp = 1573 / 5318
	cut = 104264
2522081 [0, 38400]: LP
	bnd = 38400.000000
	its = 1
	hyp = 1573 / 5318
	cut = 104342
2524017 [0, 38400]: LP
	bnd = 38400.000000
	its = 1
	hyp = 1573 / 5318
	cut = 104420
2525937 [0, 38400]: LP
	bnd = 38400.000000
	its = 1
	hyp = 1573 / 5318
	cut = 104498
2527878 [0, 38400]: LP
	bnd = 38400.000000
	its = 1
	hyp = 1573 / 5318
	cut = 104576
2529803 [0, 38400]: LP
	bnd = 38400.000000
	its = 1
	hyp = 1573 / 5318
	cut = 104654
2531720 [0, 38400]: LP
	bnd = 38400.000000
	its = 1
	hyp = 1573 / 5318
	cut = 104732
2533658 [0, 38400]: LP
	bnd = 38400.000000
	its = 1
	hyp = 1573 / 5318
	cut = 104810
2535582 [0, 38400]: LP
	bnd = 38400.000000
	its = 1
	hyp = 1573 / 5318
	cut = 104888
2537534 [0, 38400]: LP
	bnd = 38400.000000
	its = 1
	hyp = 1573 / 5318
	cut = 104966
2539455 [0, 38400]: LP
	bnd = 38400.000000
	its = 1
	hyp = 1573 / 5318
	cut = 105044
2541383 [0, 38400]: LP
	bnd = 38400.000000
	its = 1
	hyp = 1573 / 5318
	cut = 105122
2543370 [0, 38400]: LP
	bnd = 38400.000000
	its = 1
	hyp = 1573 / 5318
	cut = 105200
2545283 [0, 38400]: LP
	bnd = 38400.000000
	its = 1
	hyp = 1573 / 5318
	cut = 105278
2547212 [0, 38400]: LP
	bnd = 38400.000000
	its = 1
	hyp = 1573 / 5318
	cut = 105356
2549132 [0, 38400]: LP
	bnd = 38400.000000
	its = 1
	hyp = 1573 / 5318
	cut = 105434
2551036 [0, 38400]: LP
	bnd = 38400.000000
	its = 1
	hyp = 1573 / 5318
	cut = 105512
2552989 [0, 38400]: LP
	bnd = 38400.000000
	its = 1
	hyp = 1573 / 5318
	cut = 105590
2554897 [0, 38400]: LP
	bnd = 38400.000000
	its = 1
	hyp = 1573 / 5318
	cut = 105668
2556806 [0, 38400]: LP
	bnd = 38400.000000
	its = 1
	hyp = 1573 / 5318
	cut = 105746
2558680 [0, 38400]: LP
	bnd = 38400.000000
	its = 1
	hyp = 1573 / 5318
	cut = 105824
2560605 [0, 38400]: LP
	bnd = 38400.000000
	its = 1
	hyp = 1573 / 5318
	cut = 105902
2562603 [0, 38400]: LP
	bnd = 38400.000000
	its = 1
	hyp = 1573 / 5318
	cut = 105980
2564527 [0, 38400]: LP
	bnd = 38400.000000
	its = 1
	hyp = 1573 / 5318
	cut = 106058
2566464 [0, 38400]: LP
	bnd = 38400.000000
	its = 1
	hyp = 1573 / 5318
	cut = 106136
2568389 [0, 38400]: LP
	bnd = 38400.000000
	its = 1
	hyp = 1573 / 5318
	cut = 106214
2570295 [0, 38400]: LP
	bnd = 38400.000000
	its = 1
	hyp = 1573 / 5318
	cut = 106292
2572233 [0, 38400]: LP
	bnd = 38400.000000
	its = 1
	hyp = 1573 / 5318
	cut = 106370
2574168 [0, 38400]: LP
	bnd = 38400.000000
	its = 1
	hyp = 1573 / 5318
	cut = 106448
2576091 [0, 38400]: LP
	bnd = 38400.000000
	its = 1
	hyp = 1573 / 5318
	cut = 106526
2578020 [0, 38400]: LP
	bnd = 38400.000000
	its = 1
	hyp = 1573 / 5318
	cut = 106604
2579914 [0, 38400]: LP
	bnd = 38400.000000
	its = 1
	hyp = 1573 / 5318
	cut = 106682
2581855 [0, 38400]: LP
	bnd = 38400.000000
	its = 1
	hyp = 1573 / 5318
	cut = 106760
2583805 [0, 38400]: LP
	bnd = 38400.000000
	its = 1
	hyp = 1573 / 5318
	cut = 106838
2585750 [0, 38400]: LP
	bnd = 38400.000000
	its = 1
	hyp = 1573 / 5318
	cut = 106916
2587701 [0, 38400]: LP
	bnd = 38400.000000
	its = 1
	hyp = 1573 / 5318
	cut = 106994
2589647 [0, 38400]: LP
	bnd = 38400.000000
	its = 1
	hyp = 1573 / 5318
	cut = 107072
2591594 [0, 38400]: LP
	bnd = 38400.000000
	its = 1
	hyp = 1573 / 5318
	cut = 107150
2593539 [0, 38400]: LP
	bnd = 38400.000000
	its = 1
	hyp = 1573 / 5318
	cut = 107228
2595478 [0, 38400]: LP
	bnd = 38400.000000
	its = 1
	hyp = 1573 / 5318
	cut = 107306
2597398 [0, 38400]: LP
	bnd = 38400.000000
	its = 1
	hyp = 1573 / 5318
	cut = 107384
2599310 [0, 38400]: LP
	bnd = 38400.000000
	its = 1
	hyp = 1573 / 5318
	cut = 107462
2601237 [0, 38400]: LP
	bnd = 38400.000000
	its = 1
	hyp = 1573 / 5318
	cut = 107540
2603172 [0, 38400]: LP
	bnd = 38400.000000
	its = 1
	hyp = 1573 / 5318
	cut = 107618
2605127 [0, 38400]: LP
	bnd = 38400.000000
	its = 1
	hyp = 1573 / 5318
	cut = 107696
2607072 [0, 38400]: LP
	bnd = 38400.000000
	its = 1
	hyp = 1573 / 5318
	cut = 107774
2609026 [0, 38400]: LP
	bnd = 38400.000000
	its = 1
	hyp = 1573 / 5318
	cut = 107852
2610957 [0, 38400]: LP
	bnd = 38400.000000
	its = 1
	hyp = 1573 / 5318
	cut = 107930
2612913 [0, 38400]: LP
	bnd = 38400.000000
	its = 1
	hyp = 1573 / 5318
	cut = 108008
2614864 [0, 38400]: LP
	bnd = 38400.000000
	its = 1
	hyp = 1573 / 5318
	cut = 108086
2616814 [0, 38400]: LP
	bnd = 38400.000000
	its = 1
	hyp = 1573 / 5318
	cut = 108164
2618757 [0, 38400]: LP
	bnd = 38400.000000
	its = 1
	hyp = 1573 / 5318
	cut = 108242
2620697 [0, 38400]: LP
	bnd = 38400.000000
	its = 1
	hyp = 1573 / 5318
	cut = 108320
2622633 [0, 38400]: LP
	bnd = 38400.000000
	its = 1
	hyp = 1573 / 5318
	cut = 108398
2624591 [0, 38400]: LP
	bnd = 38400.000000
	its = 1
	hyp = 1573 / 5318
	cut = 108476
2626538 [0, 38400]: LP
	bnd = 38400.000000
	its = 1
	hyp = 1573 / 5318
	cut = 108554
2628477 [0, 38400]: LP
	bnd = 38400.000000
	its = 1
	hyp = 1573 / 5318
	cut = 108632
2630406 [0, 38400]: LP
	bnd = 38400.000000
	its = 1
	hyp = 1573 / 5318
	cut = 108710
2632371 [0, 38400]: LP
	bnd = 38400.000000
	its = 1
	hyp = 1573 / 5318
	cut = 108788
2634328 [0, 38400]: LP
	bnd = 38400.000000
	its = 1
	hyp = 1573 / 5318
	cut = 108866
2636299 [0, 38400]: LP
	bnd = 38400.000000
	its = 1
	hyp = 1573 / 5318
	cut = 108944
2638253 [0, 38400]: LP
	bnd = 38400.000000
	its = 1
	hyp = 1573 / 5318
	cut = 109022
2640196 [0, 38400]: LP
	bnd = 38400.000000
	its = 1
	hyp = 1573 / 5318
	cut = 109100
2642132 [0, 38400]: LP
	bnd = 38400.000000
	its = 1
	hyp = 1573 / 5318
	cut = 109178
2644084 [0, 38400]: LP
	bnd = 38400.000000
	its = 1
	hyp = 1573 / 5318
	cut = 109256
2646074 [0, 38400]: LP
	bnd = 38400.000000
	its = 1
	hyp = 1573 / 5318
	cut = 109334
2648021 [0, 38400]: LP
	bnd = 38400.000000
	its = 1
	hyp = 1573 / 5318
	cut = 109412
2649963 [0, 38400]: LP
	bnd = 38400.000000
	its = 1
	hyp = 1573 / 5318
	cut = 109490
2651918 [0, 38400]: LP
	bnd = 38400.000000
	its = 1
	hyp = 1573 / 5318
	cut = 109568
2653887 [0, 38400]: LP
	bnd = 38400.000000
	its = 1
	hyp = 1573 / 5318
	cut = 109646
2655856 [0, 38400]: LP
	bnd = 38400.000000
	its = 1
	hyp = 1573 / 5318
	cut = 109724
2657815 [0, 38400]: LP
	bnd = 38400.000000
	its = 1
	hyp = 1573 / 5318
	cut = 109802
2659760 [0, 38400]: LP
	bnd = 38400.000000
	its = 1
	hyp = 1573 / 5318
	cut = 109880
2661707 [0, 38400]: LP
	bnd = 38400.000000
	its = 1
	hyp = 1573 / 5318
	cut = 109958
2663639 [0, 38400]: LP
	bnd = 38400.000000
	its = 1
	hyp = 1573 / 5318
	cut = 110036
2665645 [0, 38400]: LP
	bnd = 38400.000000
	its = 1
	hyp = 1573 / 5318
	cut = 110114
2667609 [0, 38400]: LP
	bnd = 38400.000000
	its = 1
	hyp = 1573 / 5318
	cut = 110192
2669566 [0, 38400]: LP
	bnd = 38400.000000
	its = 1
	hyp = 1573 / 5318
	cut = 110270
2671516 [0, 38400]: LP
	bnd = 38400.000000
	its = 1
	hyp = 1573 / 5318
	cut = 110348
2673472 [0, 38400]: LP
	bnd = 38400.000000
	its = 1
	hyp = 1573 / 5318
	cut = 110426
2675485 [0, 38400]: LP
	bnd = 38400.000000
	its = 1
	hyp = 1573 / 5318
	cut = 110504
2677421 [0, 38400]: LP
	bnd = 38400.000000
	its = 1
	hyp = 1573 / 5318
	cut = 110582
2679371 [0, 38400]: LP
	bnd = 38400.000000
	its = 1
	hyp = 1573 / 5318
	cut = 110660
2681293 [0, 38400]: LP
	bnd = 38400.000000
	its = 1
	hyp = 1573 / 5318
	cut = 110738
2683257 [0, 38400]: LP
	bnd = 38400.000000
	its = 1
	hyp = 1573 / 5318
	cut = 110816
2685213 [0, 38400]: LP
	bnd = 38400.000000
	its = 1
	hyp = 1573 / 5318
	cut = 110894
2687169 [0, 38400]: LP
	bnd = 38400.000000
	its = 1
	hyp = 1573 / 5318
	cut = 110972
2689134 [0, 38400]: LP
	bnd = 38400.000000
	its = 1
	hyp = 1573 / 5318
	cut = 111050
2691089 [0, 38400]: LP
	bnd = 38400.000000
	its = 1
	hyp = 1573 / 5318
	cut = 111128
2693046 [0, 38400]: LP
	bnd = 38400.000000
	its = 1
	hyp = 1573 / 5318
	cut = 111206
2695012 [0, 38400]: LP
	bnd = 38400.000000
	its = 1
	hyp = 1573 / 5318
	cut = 111284
2696945 [0, 38400]: LP
	bnd = 38400.000000
	its = 1
	hyp = 1573 / 5318
	cut = 111362
2698901 [0, 38400]: LP
	bnd = 38400.000000
	its = 1
	hyp = 1573 / 5318
	cut = 111440
2700867 [0, 38400]: LP
	bnd = 38400.000000
	its = 1
	hyp = 1573 / 5318
	cut = 111518
2702799 [0, 38400]: LP
	bnd = 38400.000000
	its = 1
	hyp = 1573 / 5318
	cut = 111596
2704767 [0, 38400]: LP
	bnd = 38400.000000
	its = 1
	hyp = 1573 / 5318
	cut = 111674
2706733 [0, 38400]: LP
	bnd = 38400.000000
	its = 1
	hyp = 1573 / 5318
	cut = 111752
2708700 [0, 38400]: LP
	bnd = 38400.000000
	its = 1
	hyp = 1573 / 5318
	cut = 111830
2710673 [0, 38400]: LP
	bnd = 38400.000000
	its = 1
	hyp = 1573 / 5318
	cut = 111908
2712631 [0, 38400]: LP
	bnd = 38400.000000
	its = 1
	hyp = 1573 / 5318
	cut = 111986
2714597 [0, 38400]: LP
	bnd = 38400.000000
	its = 1
	hyp = 1573 / 5318
	cut = 112064
2716550 [0, 38400]: LP
	bnd = 38400.000000
	its = 1
	hyp = 1573 / 5318
	cut = 112142
2718519 [0, 38400]: LP
	bnd = 38400.000000
	its = 1
	hyp = 1573 / 5318
	cut = 112220
2720481 [0, 38400]: LP
	bnd = 38400.000000
	its = 1
	hyp = 1573 / 5318
	cut = 112298
2722434 [0, 38400]: LP
	bnd = 38400.000000
	its = 1
	hyp = 1573 / 5318
	cut = 112376
2724393 [0, 38400]: LP
	bnd = 38400.000000
	its = 1
	hyp = 1573 / 5318
	cut = 112454
2726346 [0, 38400]: LP
	bnd = 38400.000000
	its = 1
	hyp = 1573 / 5318
	cut = 112532
2728310 [0, 38400]: LP
	bnd = 38400.000000
	its = 1
	hyp = 1573 / 5318
	cut = 112610
2730222 [0, 38400]: LP
	bnd = 38400.000000
	its = 1
	hyp = 1573 / 5318
	cut = 112688
2732217 [0, 38400]: LP
	bnd = 38400.000000
	its = 1
	hyp = 1573 / 5318
	cut = 112766
2734197 [0, 38400]: LP
	bnd = 38400.000000
	its = 1
	hyp = 1573 / 5318
	cut = 112844
2736172 [0, 38400]: LP
	bnd = 38400.000000
	its = 1
	hyp = 1573 / 5318
	cut = 112922
2738168 [0, 38400]: LP
	bnd = 38400.000000
	its = 1
	hyp = 1573 / 5318
	cut = 113000
2740146 [0, 38400]: LP
	bnd = 38400.000000
	its = 1
	hyp = 1573 / 5318
	cut = 113078
2742120 [0, 38400]: LP
	bnd = 38400.000000
	its = 1
	hyp = 1573 / 5318
	cut = 113156
2744088 [0, 38400]: LP
	bnd = 38400.000000
	its = 1
	hyp = 1573 / 5318
	cut = 113234
2746036 [0, 38400]: LP
	bnd = 38400.000000
	its = 1
	hyp = 1573 / 5318
	cut = 113312
2748027 [0, 38400]: LP
	bnd = 38400.000000
	its = 1
	hyp = 1573 / 5318
	cut = 113390
2750002 [0, 38400]: LP
	bnd = 38400.000000
	its = 1
	hyp = 1573 / 5318
	cut = 113468
2751947 [0, 38400]: LP
	bnd = 38400.000000
	its = 1
	hyp = 1573 / 5318
	cut = 113546
2753917 [0, 38400]: LP
	bnd = 38400.000000
	its = 1
	hyp = 1573 / 5318
	cut = 113624
2755886 [0, 38400]: LP
	bnd = 38400.000000
	its = 1
	hyp = 1573 / 5318
	cut = 113702
2757861 [0, 38400]: LP
	bnd = 38400.000000
	its = 1
	hyp = 1573 / 5318
	cut = 113780
2759896 [0, 38400]: LP
	bnd = 38400.000000
	its = 1
	hyp = 1573 / 5318
	cut = 113858
2761877 [0, 38400]: LP
	bnd = 38400.000000
	its = 1
	hyp = 1573 / 5318
	cut = 113936
2763859 [0, 38400]: LP
	bnd = 38400.000000
	its = 1
	hyp = 1573 / 5318
	cut = 114014
2765828 [0, 38400]: LP
	bnd = 38400.000000
	its = 1
	hyp = 1573 / 5318
	cut = 114092
2767801 [0, 38400]: LP
	bnd = 38400.000000
	its = 1
	hyp = 1573 / 5318
	cut = 114170
2769822 [0, 38400]: LP
	bnd = 38400.000000
	its = 1
	hyp = 1573 / 5318
	cut = 114248
2771782 [0, 38400]: LP
	bnd = 38400.000000
	its = 1
	hyp = 1573 / 5318
	cut = 114326
2773754 [0, 38400]: LP
	bnd = 38400.000000
	its = 1
	hyp = 1573 / 5318
	cut = 114404
2775727 [0, 38400]: LP
	bnd = 38400.000000
	its = 1
	hyp = 1573 / 5318
	cut = 114482
2777709 [0, 38400]: LP
	bnd = 38400.000000
	its = 1
	hyp = 1573 / 5318
	cut = 114560
2779743 [0, 38400]: LP
	bnd = 38400.000000
	its = 1
	hyp = 1573 / 5318
	cut = 114638
2781730 [0, 38400]: LP
	bnd = 38400.000000
	its = 1
	hyp = 1573 / 5318
	cut = 114716
2783714 [0, 38400]: LP
	bnd = 38400.000000
	its = 1
	hyp = 1573 / 5318
	cut = 114794
2785684 [0, 38400]: LP
	bnd = 38400.000000
	its = 1
	hyp = 1573 / 5318
	cut = 114872
2787660 [0, 38400]: LP
	bnd = 38400.000000
	its = 1
	hyp = 1573 / 5318
	cut = 114950
2789609 [0, 38400]: LP
	bnd = 38400.000000
	its = 1
	hyp = 1573 / 5318
	cut = 115028
2791568 [0, 38400]: LP
	bnd = 38400.000000
	its = 1
	hyp = 1573 / 5318
	cut = 115106
2793534 [0, 38400]: LP
	bnd = 38400.000000
	its = 1
	hyp = 1573 / 5318
	cut = 115184
2795510 [0, 38400]: LP
	bnd = 38400.000000
	its = 1
	hyp = 1573 / 5318
	cut = 115262
2797486 [0, 38400]: LP
	bnd = 38400.000000
	its = 1
	hyp = 1573 / 5318
	cut = 115340
2799466 [0, 38400]: LP
	bnd = 38400.000000
	its = 1
	hyp = 1573 / 5318
	cut = 115418
2801458 [0, 38400]: LP
	bnd = 38400.000000
	its = 1
	hyp = 1573 / 5318
	cut = 115496
2803439 [0, 38400]: LP
	bnd = 38400.000000
	its = 1
	hyp = 1573 / 5318
	cut = 115574
2805428 [0, 38400]: LP
	bnd = 38400.000000
	its = 1
	hyp = 1573 / 5318
	cut = 115652
2807417 [0, 38400]: LP
	bnd = 38400.000000
	its = 1
	hyp = 1573 / 5318
	cut = 115730
2809405 [0, 38400]: LP
	bnd = 38400.000000
	its = 1
	hyp = 1573 / 5318
	cut = 115808
2811382 [0, 38400]: LP
	bnd = 38400.000000
	its = 1
	hyp = 1573 / 5318
	cut = 115886
2813374 [0, 38400]: LP
	bnd = 38400.000000
	its = 1
	hyp = 1573 / 5318
	cut = 115964
2815369 [0, 38400]: LP
	bnd = 38400.000000
	its = 1
	hyp = 1573 / 5318
	cut = 116042
2817358 [0, 38400]: LP
	bnd = 38400.000000
	its = 1
	hyp = 1573 / 5318
	cut = 116120
2819355 [0, 38400]: LP
	bnd = 38400.000000
	its = 1
	hyp = 1573 / 5318
	cut = 116198
2821361 [0, 38400]: LP
	bnd = 38400.000000
	its = 1
	hyp = 1573 / 5318
	cut = 116276
2823369 [0, 38400]: LP
	bnd = 38400.000000
	its = 1
	hyp = 1573 / 5318
	cut = 116354
2825364 [0, 38400]: LP
	bnd = 38400.000000
	its = 1
	hyp = 1573 / 5318
	cut = 116432
2827355 [0, 38400]: LP
	bnd = 38400.000000
	its = 1
	hyp = 1573 / 5318
	cut = 116510
2829339 [0, 38400]: LP
	bnd = 38400.000000
	its = 1
	hyp = 1573 / 5318
	cut = 116588
2831410 [0, 38400]: LP
	bnd = 38400.000000
	its = 1
	hyp = 1573 / 5318
	cut = 116666
2833589 [0, 38400]: LP
	bnd = 38400.000000
	its = 1
	hyp = 1573 / 5318
	cut = 116744
2835602 [0, 38400]: LP
	bnd = 38400.000000
	its = 1
	hyp = 1573 / 5318
	cut = 116822
2837618 [0, 38400]: LP
	bnd = 38400.000000
	its = 1
	hyp = 1573 / 5318
	cut = 116900
2839621 [0, 38400]: LP
	bnd = 38400.000000
	its = 1
	hyp = 1573 / 5318
	cut = 116978
2841765 [0, 38400]: LP
	bnd = 38400.000000
	its = 1
	hyp = 1573 / 5318
	cut = 117056
2843833 [0, 38400]: LP
	bnd = 38400.000000
	its = 1
	hyp = 1573 / 5318
	cut = 117134
2845836 [0, 38400]: LP
	bnd = 38400.000000
	its = 1
	hyp = 1573 / 5318
	cut = 117212
2847876 [0, 38400]: LP
	bnd = 38400.000000
	its = 1
	hyp = 1573 / 5318
	cut = 117290
2849885 [0, 38400]: LP
	bnd = 38400.000000
	its = 1
	hyp = 1573 / 5318
	cut = 117368
2851942 [0, 38400]: LP
	bnd = 38400.000000
	its = 1
	hyp = 1573 / 5318
	cut = 117446
2854033 [0, 38400]: LP
	bnd = 38400.000000
	its = 1
	hyp = 1573 / 5318
	cut = 117524
2856041 [0, 38400]: LP
	bnd = 38400.000000
	its = 1
	hyp = 1573 / 5318
	cut = 117602
2858050 [0, 38400]: LP
	bnd = 38400.000000
	its = 1
	hyp = 1573 / 5318
	cut = 117680
2860083 [0, 38400]: LP
	bnd = 38400.000000
	its = 1
	hyp = 1573 / 5318
	cut = 117758
2862095 [0, 38400]: LP
	bnd = 38400.000000
	its = 1
	hyp = 1573 / 5318
	cut = 117836
2864142 [0, 38400]: LP
	bnd = 38400.000000
	its = 1
	hyp = 1573 / 5318
	cut = 117914
2866259 [0, 38400]: LP
	bnd = 38400.000000
	its = 1
	hyp = 1573 / 5318
	cut = 117992
2868407 [0, 38400]: LP
	bnd = 38400.000000
	its = 1
	hyp = 1573 / 5318
	cut = 118070
2870461 [0, 38400]: LP
	bnd = 38400.000000
	its = 1
	hyp = 1573 / 5318
	cut = 118148
2872715 [0, 38400]: LP
	bnd = 38400.000000
	its = 1
	hyp = 1573 / 5318
	cut = 118226
2874743 [0, 38400]: LP
	bnd = 38400.000000
	its = 1
	hyp = 1573 / 5318
	cut = 118304
2876956 [0, 38400]: LP
	bnd = 38400.000000
	its = 1
	hyp = 1573 / 5318
	cut = 118382
2878958 [0, 38400]: LP
	bnd = 38400.000000
	its = 1
	hyp = 1573 / 5318
	cut = 118460
2880973 [0, 38400]: LP
	bnd = 38400.000000
	its = 1
	hyp = 1573 / 5318
	cut = 118538
2882971 [0, 38400]: LP
	bnd = 38400.000000
	its = 1
	hyp = 1573 / 5318
	cut = 118616
2884973 [0, 38400]: LP
	bnd = 38400.000000
	its = 1
	hyp = 1573 / 5318
	cut = 118694
2887035 [0, 38400]: LP
	bnd = 38400.000000
	its = 1
	hyp = 1573 / 5318
	cut = 118772
2889026 [0, 38400]: LP
	bnd = 38400.000000
	its = 1
	hyp = 1573 / 5318
	cut = 118850
2890984 [0, 38400]: LP
	bnd = 38400.000000
	its = 1
	hyp = 1573 / 5318
	cut = 118928
2893012 [0, 38400]: LP
	bnd = 38400.000000
	its = 1
	hyp = 1573 / 5318
	cut = 119006
2895029 [0, 38400]: LP
	bnd = 38400.000000
	its = 1
	hyp = 1573 / 5318
	cut = 119084
2897161 [0, 38400]: LP
	bnd = 38400.000000
	its = 1
	hyp = 1573 / 5318
	cut = 119162
2899221 [0, 38400]: LP
	bnd = 38400.000000
	its = 1
	hyp = 1573 / 5318
	cut = 119240
2901270 [0, 38400]: LP
	bnd = 38400.000000
	its = 1
	hyp = 1573 / 5318
	cut = 119318
2903323 [0, 38400]: LP
	bnd = 38400.000000
	its = 1
	hyp = 1573 / 5318
	cut = 119396
2905387 [0, 38400]: LP
	bnd = 38400.000000
	its = 1
	hyp = 1573 / 5318
	cut = 119474
2907428 [0, 38400]: LP
	bnd = 38400.000000
	its = 1
	hyp = 1573 / 5318
	cut = 119552
2909470 [0, 38400]: LP
	bnd = 38400.000000
	its = 1
	hyp = 1573 / 5318
	cut = 119630
2911465 [0, 38400]: LP
	bnd = 38400.000000
	its = 1
	hyp = 1573 / 5318
	cut = 119708
2913492 [0, 38400]: LP
	bnd = 38400.000000
	its = 1
	hyp = 1573 / 5318
	cut = 119786
2915510 [0, 38400]: LP
	bnd = 38400.000000
	its = 1
	hyp = 1573 / 5318
	cut = 119864
2917519 [0, 38400]: LP
	bnd = 38400.000000
	its = 1
	hyp = 1573 / 5318
	cut = 119942
2919553 [0, 38400]: LP
	bnd = 38400.000000
	its = 1
	hyp = 1573 / 5318
	cut = 120020
2921623 [0, 38400]: LP
	bnd = 38400.000000
	its = 1
	hyp = 1573 / 5318
	cut = 120098
2923658 [0, 38400]: LP
	bnd = 38400.000000
	its = 1
	hyp = 1573 / 5318
	cut = 120176
2925768 [0, 38400]: LP
	bnd = 38400.000000
	its = 1
	hyp = 1573 / 5318
	cut = 120254
2927748 [0, 38400]: LP
	bnd = 38400.000000
	its = 1
	hyp = 1573 / 5318
	cut = 120332
2929778 [0, 38400]: LP
	bnd = 38400.000000
	its = 1
	hyp = 1573 / 5318
	cut = 120410
2931810 [0, 38400]: LP
	bnd = 38400.000000
	its = 1
	hyp = 1573 / 5318
	cut = 120488
2933834 [0, 38400]: LP
	bnd = 38400.000000
	its = 1
	hyp = 1573 / 5318
	cut = 120566
2935935 [0, 38400]: LP
	bnd = 38400.000000
	its = 1
	hyp = 1573 / 5318
	cut = 120644
2938001 [0, 38400]: LP
	bnd = 38400.000000
	its = 1
	hyp = 1573 / 5318
	cut = 120722
2940022 [0, 38400]: LP
	bnd = 38400.000000
	its = 1
	hyp = 1573 / 5318
	cut = 120800
2942052 [0, 38400]: LP
	bnd = 38400.000000
	its = 1
	hyp = 1573 / 5318
	cut = 120878
2944078 [0, 38400]: LP
	bnd = 38400.000000
	its = 1
	hyp = 1573 / 5318
	cut = 120956
2946183 [0, 38400]: LP
	bnd = 38400.000000
	its = 1
	hyp = 1573 / 5318
	cut = 121034
2948210 [0, 38400]: LP
	bnd = 38400.000000
	its = 1
	hyp = 1573 / 5318
	cut = 121112
2950302 [0, 38400]: LP
	bnd = 38400.000000
	its = 1
	hyp = 1573 / 5318
	cut = 121190
2952341 [0, 38400]: LP
	bnd = 38400.000000
	its = 1
	hyp = 1573 / 5318
	cut = 121268
2954385 [0, 38400]: LP
	bnd = 38400.000000
	its = 1
	hyp = 1573 / 5318
	cut = 121346
2956437 [0, 38400]: LP
	bnd = 38400.000000
	its = 1
	hyp = 1573 / 5318
	cut = 121424
2958473 [0, 38400]: LP
	bnd = 38400.000000
	its = 1
	hyp = 1573 / 5318
	cut = 121502
2960521 [0, 38400]: LP
	bnd = 38400.000000
	its = 1
	hyp = 1573 / 5318
	cut = 121580
2962641 [0, 38400]: LP
	bnd = 38400.000000
	its = 1
	hyp = 1573 / 5318
	cut = 121658
2964766 [0, 38400]: LP
	bnd = 38400.000000
	its = 1
	hyp = 1573 / 5318
	cut = 121736
2966832 [0, 38400]: LP
	bnd = 38400.000000
	its = 1
	hyp = 1573 / 5318
	cut = 121814
2968854 [0, 38400]: LP
	bnd = 38400.000000
	its = 1
	hyp = 1573 / 5318
	cut = 121892
2970832 [0, 38400]: LP
	bnd = 38400.000000
	its = 1
	hyp = 1573 / 5318
	cut = 121970
2972891 [0, 38400]: LP
	bnd = 38400.000000
	its = 1
	hyp = 1573 / 5318
	cut = 122048
2974938 [0, 38400]: LP
	bnd = 38400.000000
	its = 1
	hyp = 1573 / 5318
	cut = 122126
2976983 [0, 38400]: LP
	bnd = 38400.000000
	its = 1
	hyp = 1573 / 5318
	cut = 122204
2979048 [0, 38400]: LP
	bnd = 38400.000000
	its = 1
	hyp = 1573 / 5318
	cut = 122282
2981096 [0, 38400]: LP
	bnd = 38400.000000
	its = 1
	hyp = 1573 / 5318
	cut = 122360
2983104 [0, 38400]: LP
	bnd = 38400.000000
	its = 1
	hyp = 1573 / 5318
	cut = 122438
2985177 [0, 38400]: LP
	bnd = 38400.000000
	its = 1
	hyp = 1573 / 5318
	cut = 122516
2987239 [0, 38400]: LP
	bnd = 38400.000000
	its = 1
	hyp = 1573 / 5318
	cut = 122594
2989276 [0, 38400]: LP
	bnd = 38400.000000
	its = 1
	hyp = 1573 / 5318
	cut = 122672
2991331 [0, 38400]: LP
	bnd = 38400.000000
	its = 1
	hyp = 1573 / 5318
	cut = 122750
2993374 [0, 38400]: LP
	bnd = 38400.000000
	its = 1
	hyp = 1573 / 5318
	cut = 122828
2995417 [0, 38400]: LP
	bnd = 38400.000000
	its = 1
	hyp = 1573 / 5318
	cut = 122906
2997459 [0, 38400]: LP
	bnd = 38400.000000
	its = 1
	hyp = 1573 / 5318
	cut = 122984
2999522 [0, 38400]: LP
	bnd = 38400.000000
	its = 1
	hyp = 1573 / 5318
	cut = 123062
3001513 [0, 38400]: LP
	bnd = 38400.000000
	its = 1
	hyp = 1573 / 5318
	cut = 123140
3003555 [0, 38400]: LP
	bnd = 38400.000000
	its = 1
	hyp = 1573 / 5318
	cut = 123218
3005610 [0, 38400]: LP
	bnd = 38400.000000
	its = 1
	hyp = 1573 / 5318
	cut = 123296
3007667 [0, 38400]: LP
	bnd = 38400.000000
	its = 1
	hyp = 1573 / 5318
	cut = 123374
3009710 [0, 38400]: LP
	bnd = 38400.000000
	its = 1
	hyp = 1573 / 5318
	cut = 123452
3011768 [0, 38400]: LP
	bnd = 38400.000000
	its = 1
	hyp = 1573 / 5318
	cut = 123530
3013822 [0, 38400]: LP
	bnd = 38400.000000
	its = 1
	hyp = 1573 / 5318
	cut = 123608
3015889 [0, 38400]: LP
	bnd = 38400.000000
	its = 1
	hyp = 1573 / 5318
	cut = 123686
3017958 [0, 38400]: LP
	bnd = 38400.000000
	its = 1
	hyp = 1573 / 5318
	cut = 123764
3019974 [0, 38400]: LP
	bnd = 38400.000000
	its = 1
	hyp = 1573 / 5318
	cut = 123842
3022020 [0, 38400]: LP
	bnd = 38400.000000
	its = 1
	hyp = 1573 / 5318
	cut = 123920
3024068 [0, 38400]: LP
	bnd = 38400.000000
	its = 1
	hyp = 1573 / 5318
	cut = 123998
3026109 [0, 38400]: LP
	bnd = 38400.000000
	its = 1
	hyp = 1573 / 5318
	cut = 124076
3028147 [0, 38400]: LP
	bnd = 38400.000000
	its = 1
	hyp = 1573 / 5318
	cut = 124154
3030203 [0, 38400]: LP
	bnd = 38400.000000
	its = 1
	hyp = 1573 / 5318
	cut = 124232
3032242 [0, 38400]: LP
	bnd = 38400.000000
	its = 1
	hyp = 1573 / 5318
	cut = 124310
3034407 [0, 38400]: LP
	bnd = 38400.000000
	its = 1
	hyp = 1573 / 5318
	cut = 124388
3036555 [0, 38400]: LP
	bnd = 38400.000000
	its = 1
	hyp = 1573 / 5318
	cut = 124466
3038606 [0, 38400]: LP
	bnd = 38400.000000
	its = 1
	hyp = 1573 / 5318
	cut = 124544
3040667 [0, 38400]: LP
	bnd = 38400.000000
	its = 1
	hyp = 1573 / 5318
	cut = 124622
3042710 [0, 38400]: LP
	bnd = 38400.000000
	its = 1
	hyp = 1573 / 5318
	cut = 124700
3044761 [0, 38400]: LP
	bnd = 38400.000000
	its = 1
	hyp = 1573 / 5318
	cut = 124778
3046829 [0, 38400]: LP
	bnd = 38400.000000
	its = 1
	hyp = 1573 / 5318
	cut = 124856
3048893 [0, 38400]: LP
	bnd = 38400.000000
	its = 1
	hyp = 1573 / 5318
	cut = 124934
3050969 [0, 38400]: LP
	bnd = 38400.000000
	its = 1
	hyp = 1573 / 5318
	cut = 125012
3053015 [0, 38400]: LP
	bnd = 38400.000000
	its = 1
	hyp = 1573 / 5318
	cut = 125090
3055091 [0, 38400]: LP
	bnd = 38400.000000
	its = 1
	hyp = 1573 / 5318
	cut = 125168
3057154 [0, 38400]: LP
	bnd = 38400.000000
	its = 1
	hyp = 1573 / 5318
	cut = 125246
3059212 [0, 38400]: LP
	bnd = 38400.000000
	its = 1
	hyp = 1573 / 5318
	cut = 125324
3061290 [0, 38400]: LP
	bnd = 38400.000000
	its = 1
	hyp = 1573 / 5318
	cut = 125402
3063350 [0, 38400]: LP
	bnd = 38400.000000
	its = 1
	hyp = 1573 / 5318
	cut = 125480
3065410 [0, 38400]: LP
	bnd = 38400.000000
	its = 1
	hyp = 1573 / 5318
	cut = 125558
3067467 [0, 38400]: LP
	bnd = 38400.000000
	its = 1
	hyp = 1573 / 5318
	cut = 125636
3069517 [0, 38400]: LP
	bnd = 38400.000000
	its = 1
	hyp = 1573 / 5318
	cut = 125714
3071572 [0, 38400]: LP
	bnd = 38400.000000
	its = 1
	hyp = 1573 / 5318
	cut = 125792
3073625 [0, 38400]: LP
	bnd = 38400.000000
	its = 1
	hyp = 1573 / 5318
	cut = 125870
3075669 [0, 38400]: LP
	bnd = 38400.000000
	its = 1
	hyp = 1573 / 5318
	cut = 125948
3077740 [0, 38400]: LP
	bnd = 38400.000000
	its = 1
	hyp = 1573 / 5318
	cut = 126026
3079785 [0, 38400]: LP
	bnd = 38400.000000
	its = 1
	hyp = 1573 / 5318
	cut = 126104
3081837 [0, 38400]: LP
	bnd = 38400.000000
	its = 1
	hyp = 1573 / 5318
	cut = 126182
3083897 [0, 38400]: LP
	bnd = 38400.000000
	its = 1
	hyp = 1573 / 5318
	cut = 126260
3085963 [0, 38400]: LP
	bnd = 38400.000000
	its = 1
	hyp = 1573 / 5318
	cut = 126338
3088023 [0, 38400]: LP
	bnd = 38400.000000
	its = 1
	hyp = 1573 / 5318
	cut = 126416
3090085 [0, 38400]: LP
	bnd = 38400.000000
	its = 1
	hyp = 1573 / 5318
	cut = 126494
3092152 [0, 38400]: LP
	bnd = 38400.000000
	its = 1
	hyp = 1573 / 5318
	cut = 126572
3094163 [0, 38400]: LP
	bnd = 38400.000000
	its = 1
	hyp = 1573 / 5318
	cut = 126650
3096256 [0, 38400]: LP
	bnd = 38400.000000
	its = 1
	hyp = 1573 / 5318
	cut = 126728
3098346 [0, 38400]: LP
	bnd = 38400.000000
	its = 1
	hyp = 1573 / 5318
	cut = 126806
3100405 [0, 38400]: LP
	bnd = 38400.000000
	its = 1
	hyp = 1573 / 5318
	cut = 126884
3102470 [0, 38400]: LP
	bnd = 38400.000000
	its = 1
	hyp = 1573 / 5318
	cut = 126962
3104546 [0, 38400]: LP
	bnd = 38400.000000
	its = 1
	hyp = 1573 / 5318
	cut = 127040
3106693 [0, 38400]: LP
	bnd = 38400.000000
	its = 1
	hyp = 1573 / 5318
	cut = 127118
3108827 [0, 38400]: LP
	bnd = 38400.000000
	its = 1
	hyp = 1573 / 5318
	cut = 127196
3110934 [0, 38400]: LP
	bnd = 38400.000000
	its = 1
	hyp = 1573 / 5318
	cut = 127274
3113024 [0, 38400]: LP
	bnd = 38400.000000
	its = 1
	hyp = 1573 / 5318
	cut = 127352
3115034 [0, 38400]: LP
	bnd = 38400.000000
	its = 1
	hyp = 1573 / 5318
	cut = 127430
3117163 [0, 38400]: LP
	bnd = 38400.000000
	its = 1
	hyp = 1573 / 5318
	cut = 127508
3119257 [0, 38400]: LP
	bnd = 38400.000000
	its = 1
	hyp = 1573 / 5318
	cut = 127586
3121342 [0, 38400]: LP
	bnd = 38400.000000
	its = 1
	hyp = 1573 / 5318
	cut = 127664
3123429 [0, 38400]: LP
	bnd = 38400.000000
	its = 1
	hyp = 1573 / 5318
	cut = 127742
3125505 [0, 38400]: LP
	bnd = 38400.000000
	its = 1
	hyp = 1573 / 5318
	cut = 127820
3127580 [0, 38400]: LP
	bnd = 38400.000000
	its = 1
	hyp = 1573 / 5318
	cut = 127898
3129658 [0, 38400]: LP
	bnd = 38400.000000
	its = 1
	hyp = 1573 / 5318
	cut = 127976
3131748 [0, 38400]: LP
	bnd = 38400.000000
	its = 1
	hyp = 1573 / 5318
	cut = 128054
3133851 [0, 38400]: LP
	bnd = 38400.000000
	its = 1
	hyp = 1573 / 5318
	cut = 128132
3135870 [0, 38400]: LP
	bnd = 38400.000000
	its = 1
	hyp = 1573 / 5318
	cut = 128210
3137963 [0, 38400]: LP
	bnd = 38400.000000
	its = 1
	hyp = 1573 / 5318
	cut = 128288
3140043 [0, 38400]: LP
	bnd = 38400.000000
	its = 1
	hyp = 1573 / 5318
	cut = 128366
3142128 [0, 38400]: LP
	bnd = 38400.000000
	its = 1
	hyp = 1573 / 5318
	cut = 128444
3144217 [0, 38400]: LP
	bnd = 38400.000000
	its = 1
	hyp = 1573 / 5318
	cut = 128522
3146303 [0, 38400]: LP
	bnd = 38400.000000
	its = 1
	hyp = 1573 / 5318
	cut = 128600
3148386 [0, 38400]: LP
	bnd = 38400.000000
	its = 1
	hyp = 1573 / 5318
	cut = 128678
3150445 [0, 38400]: LP
	bnd = 38400.000000
	its = 1
	hyp = 1573 / 5318
	cut = 128756
3152521 [0, 38400]: LP
	bnd = 38400.000000
	its = 1
	hyp = 1573 / 5318
	cut = 128834
3154609 [0, 38400]: LP
	bnd = 38400.000000
	its = 1
	hyp = 1573 / 5318
	cut = 128912
3156680 [0, 38400]: LP
	bnd = 38400.000000
	its = 1
	hyp = 1573 / 5318
	cut = 128990
3158746 [0, 38400]: LP
	bnd = 38400.000000
	its = 1
	hyp = 1573 / 5318
	cut = 129068
3160840 [0, 38400]: LP
	bnd = 38400.000000
	its = 1
	hyp = 1573 / 5318
	cut = 129146
3162933 [0, 38400]: LP
	bnd = 38400.000000
	its = 1
	hyp = 1573 / 5318
	cut = 129224
3165026 [0, 38400]: LP
	bnd = 38400.000000
	its = 1
	hyp = 1573 / 5318
	cut = 129302
3167130 [0, 38400]: LP
	bnd = 38400.000000
	its = 1
	hyp = 1573 / 5318
	cut = 129380
3169227 [0, 38400]: LP
	bnd = 38400.000000
	its = 1
	hyp = 1573 / 5318
	cut = 129458
3171325 [0, 38400]: LP
	bnd = 38400.000000
	its = 1
	hyp = 1573 / 5318
	cut = 129536
3173406 [0, 38400]: LP
	bnd = 38400.000000
	its = 1
	hyp = 1573 / 5318
	cut = 129614
3175485 [0, 38400]: LP
	bnd = 38400.000000
	its = 1
	hyp = 1573 / 5318
	cut = 129692
3177565 [0, 38400]: LP
	bnd = 38400.000000
	its = 1
	hyp = 1573 / 5318
	cut = 129770
3179651 [0, 38400]: LP
	bnd = 38400.000000
	its = 1
	hyp = 1573 / 5318
	cut = 129848
3181743 [0, 38400]: LP
	bnd = 38400.000000
	its = 1
	hyp = 1573 / 5318
	cut = 129926
3183935 [0, 38400]: LP
	bnd = 38400.000000
	its = 1
	hyp = 1573 / 5318
	cut = 130004
3186107 [0, 38400]: LP
	bnd = 38400.000000
	its = 1
	hyp = 1573 / 5318
	cut = 130082
3188197 [0, 38400]: LP
	bnd = 38400.000000
	its = 1
	hyp = 1573 / 5318
	cut = 130160
3190285 [0, 38400]: LP
	bnd = 38400.000000
	its = 1
	hyp = 1573 / 5318
	cut = 130238
3192391 [0, 38400]: LP
	bnd = 38400.000000
	its = 1
	hyp = 1573 / 5318
	cut = 130316
3194480 [0, 38400]: LP
	bnd = 38400.000000
	its = 1
	hyp = 1573 / 5318
	cut = 130394
3196548 [0, 38400]: LP
	bnd = 38400.000000
	its = 1
	hyp = 1573 / 5318
	cut = 130472
3198621 [0, 38400]: LP
	bnd = 38400.000000
	its = 1
	hyp = 1573 / 5318
	cut = 130550
3200657 [0, 38400]: LP
	bnd = 38400.000000
	its = 1
	hyp = 1573 / 5318
	cut = 130628
3202751 [0, 38400]: LP
	bnd = 38400.000000
	its = 1
	hyp = 1573 / 5318
	cut = 130706
3204841 [0, 38400]: LP
	bnd = 38400.000000
	its = 1
	hyp = 1573 / 5318
	cut = 130784
3206943 [0, 38400]: LP
	bnd = 38400.000000
	its = 1
	hyp = 1573 / 5318
	cut = 130862
3209043 [0, 38400]: LP
	bnd = 38400.000000
	its = 1
	hyp = 1573 / 5318
	cut = 130940
3211144 [0, 38400]: LP
	bnd = 38400.000000
	its = 1
	hyp = 1573 / 5318
	cut = 131018
3213255 [0, 38400]: LP
	bnd = 38400.000000
	its = 1
	hyp = 1573 / 5318
	cut = 131096
3215355 [0, 38400]: LP
	bnd = 38400.000000
	its = 1
	hyp = 1573 / 5318
	cut = 131174
3217450 [0, 38400]: LP
	bnd = 38400.000000
	its = 1
	hyp = 1573 / 5318
	cut = 131252
3219525 [0, 38400]: LP
	bnd = 38400.000000
	its = 1
	hyp = 1573 / 5318
	cut = 131330
3221620 [0, 38400]: LP
	bnd = 38400.000000
	its = 1
	hyp = 1573 / 5318
	cut = 131408
3223716 [0, 38400]: LP
	bnd = 38400.000000
	its = 1
	hyp = 1573 / 5318
	cut = 131486
3225825 [0, 38400]: LP
	bnd = 38400.000000
	its = 1
	hyp = 1573 / 5318
	cut = 131564
3227937 [0, 38400]: LP
	bnd = 38400.000000
	its = 1
	hyp = 1573 / 5318
	cut = 131642
3230040 [0, 38400]: LP
	bnd = 38400.000000
	its = 1
	hyp = 1573 / 5318
	cut = 131720
3232155 [0, 38400]: LP
	bnd = 38400.000000
	its = 1
	hyp = 1573 / 5318
	cut = 131798
3234310 [0, 38400]: LP
	bnd = 38400.000000
	its = 1
	hyp = 1573 / 5318
	cut = 131876
3236409 [0, 38400]: LP
	bnd = 38400.000000
	its = 1
	hyp = 1573 / 5318
	cut = 131954
3238477 [0, 38400]: LP
	bnd = 38400.000000
	its = 1
	hyp = 1573 / 5318
	cut = 132032
3240579 [0, 38400]: LP
	bnd = 38400.000000
	its = 1
	hyp = 1573 / 5318
	cut = 132110
3242633 [0, 38400]: LP
	bnd = 38400.000000
	its = 1
	hyp = 1573 / 5318
	cut = 132188
3244753 [0, 38400]: LP
	bnd = 38400.000000
	its = 1
	hyp = 1573 / 5318
	cut = 132266
3246859 [0, 38400]: LP
	bnd = 38400.000000
	its = 1
	hyp = 1573 / 5318
	cut = 132344
3248974 [0, 38400]: LP
	bnd = 38400.000000
	its = 1
	hyp = 1573 / 5318
	cut = 132422
3251075 [0, 38400]: LP
	bnd = 38400.000000
	its = 1
	hyp = 1573 / 5318
	cut = 132500
3253188 [0, 38400]: LP
	bnd = 38400.000000
	its = 1
	hyp = 1573 / 5318
	cut = 132578
3255286 [0, 38400]: LP
	bnd = 38400.000000
	its = 1
	hyp = 1573 / 5318
	cut = 132656
3257404 [0, 38400]: LP
	bnd = 38400.000000
	its = 1
	hyp = 1573 / 5318
	cut = 132734
3259581 [0, 38400]: LP
	bnd = 38400.000000
	its = 1
	hyp = 1573 / 5318
	cut = 132812
3261766 [0, 38400]: LP
	bnd = 38400.000000
	its = 1
	hyp = 1573 / 5318
	cut = 132890
3263932 [0, 38400]: LP
	bnd = 38400.000000
	its = 1
	hyp = 1573 / 5318
	cut = 132968
3266035 [0, 38400]: LP
	bnd = 38400.000000
	its = 1
	hyp = 1573 / 5318
	cut = 133046
3268157 [0, 38400]: LP
	bnd = 38400.000000
	its = 1
	hyp = 1573 / 5318
	cut = 133124
3270286 [0, 38400]: LP
	bnd = 38400.000000
	its = 1
	hyp = 1573 / 5318
	cut = 133202
3272418 [0, 38400]: LP
	bnd = 38400.000000
	its = 1
	hyp = 1573 / 5318
	cut = 133280
3274549 [0, 38400]: LP
	bnd = 38400.000000
	its = 1
	hyp = 1573 / 5318
	cut = 133358
3276669 [0, 38400]: LP
	bnd = 38400.000000
	its = 1
	hyp = 1573 / 5318
	cut = 133436
3278754 [0, 38400]: LP
	bnd = 38400.000000
	its = 1
	hyp = 1573 / 5318
	cut = 133514
3280875 [0, 38400]: LP
	bnd = 38400.000000
	its = 1
	hyp = 1573 / 5318
	cut = 133592
3282982 [0, 38400]: LP
	bnd = 38400.000000
	its = 1
	hyp = 1573 / 5318
	cut = 133670
3285099 [0, 38400]: LP
	bnd = 38400.000000
	its = 1
	hyp = 1573 / 5318
	cut = 133748
3287229 [0, 38400]: LP
	bnd = 38400.000000
	its = 1
	hyp = 1573 / 5318
	cut = 133826
3289383 [0, 38400]: LP
	bnd = 38400.000000
	its = 1
	hyp = 1573 / 5318
	cut = 133904
3291515 [0, 38400]: LP
	bnd = 38400.000000
	its = 1
	hyp = 1573 / 5318
	cut = 133982
3293644 [0, 38400]: LP
	bnd = 38400.000000
	its = 1
	hyp = 1573 / 5318
	cut = 134060
3295776 [0, 38400]: LP
	bnd = 38400.000000
	its = 1
	hyp = 1573 / 5318
	cut = 134138
3297901 [0, 38400]: LP
	bnd = 38400.000000
	its = 1
	hyp = 1573 / 5318
	cut = 134216
3300037 [0, 38400]: LP
	bnd = 38400.000000
	its = 1
	hyp = 1573 / 5318
	cut = 134294
3302189 [0, 38400]: LP
	bnd = 38400.000000
	its = 1
	hyp = 1573 / 5318
	cut = 134372
3304293 [0, 38400]: LP
	bnd = 38400.000000
	its = 1
	hyp = 1573 / 5318
	cut = 134450
3306434 [0, 38400]: LP
	bnd = 38400.000000
	its = 1
	hyp = 1573 / 5318
	cut = 134528
3308568 [0, 38400]: LP
	bnd = 38400.000000
	its = 1
	hyp = 1573 / 5318
	cut = 134606
3310687 [0, 38400]: LP
	bnd = 38400.000000
	its = 1
	hyp = 1573 / 5318
	cut = 134684
3312785 [0, 38400]: LP
	bnd = 38400.000000
	its = 1
	hyp = 1573 / 5318
	cut = 134762
3314848 [0, 38400]: LP
	bnd = 38400.000000
	its = 1
	hyp = 1573 / 5318
	cut = 134840
3316984 [0, 38400]: LP
	bnd = 38400.000000
	its = 1
	hyp = 1573 / 5318
	cut = 134918
3319114 [0, 38400]: LP
	bnd = 38400.000000
	its = 1
	hyp = 1573 / 5318
	cut = 134996
3321237 [0, 38400]: LP
	bnd = 38400.000000
	its = 1
	hyp = 1573 / 5318
	cut = 135074
3323356 [0, 38400]: LP
	bnd = 38400.000000
	its = 1
	hyp = 1573 / 5318
	cut = 135152
3325482 [0, 38400]: LP
	bnd = 38400.000000
	its = 1
	hyp = 1573 / 5318
	cut = 135230
3327582 [0, 38400]: LP
	bnd = 38400.000000
	its = 1
	hyp = 1573 / 5318
	cut = 135308
3329689 [0, 38400]: LP
	bnd = 38400.000000
	its = 1
	hyp = 1573 / 5318
	cut = 135386
3331802 [0, 38400]: LP
	bnd = 38400.000000
	its = 1
	hyp = 1573 / 5318
	cut = 135464
3334020 [0, 38400]: LP
	bnd = 38400.000000
	its = 1
	hyp = 1573 / 5318
	cut = 135542
3336140 [0, 38400]: LP
	bnd = 38400.000000
	its = 1
	hyp = 1573 / 5318
	cut = 135620
3338360 [0, 38400]: LP
	bnd = 38400.000000
	its = 1
	hyp = 1573 / 5318
	cut = 135698
3340585 [0, 38400]: LP
	bnd = 38400.000000
	its = 1
	hyp = 1573 / 5318
	cut = 135776
3342807 [0, 38400]: LP
	bnd = 38400.000000
	its = 1
	hyp = 1573 / 5318
	cut = 135854
3344943 [0, 38400]: LP
	bnd = 38400.000000
	its = 1
	hyp = 1573 / 5318
	cut = 135932
3347055 [0, 38400]: LP
	bnd = 38400.000000
	its = 1
	hyp = 1573 / 5318
	cut = 136010
3349179 [0, 38400]: LP
	bnd = 38400.000000
	its = 1
	hyp = 1573 / 5318
	cut = 136088
3351321 [0, 38400]: LP
	bnd = 38400.000000
	its = 1
	hyp = 1573 / 5318
	cut = 136166
3353419 [0, 38400]: LP
	bnd = 38400.000000
	its = 1
	hyp = 1573 / 5318
	cut = 136244
3355538 [0, 38400]: LP
	bnd = 38400.000000
	its = 1
	hyp = 1573 / 5318
	cut = 136322
3357716 [0, 38400]: LP
	bnd = 38400.000000
	its = 1
	hyp = 1573 / 5318
	cut = 136400
3359859 [0, 38400]: LP
	bnd = 38400.000000
	its = 1
	hyp = 1573 / 5318
	cut = 136478
3362016 [0, 38400]: LP
	bnd = 38400.000000
	its = 1
	hyp = 1573 / 5318
	cut = 136556
3364158 [0, 38400]: LP
	bnd = 38400.000000
	its = 1
	hyp = 1573 / 5318
	cut = 136634
3366304 [0, 38400]: LP
	bnd = 38400.000000
	its = 1
	hyp = 1573 / 5318
	cut = 136712
3368408 [0, 38400]: LP
	bnd = 38400.000000
	its = 1
	hyp = 1573 / 5318
	cut = 136790
3370548 [0, 38400]: LP
	bnd = 38400.000000
	its = 1
	hyp = 1573 / 5318
	cut = 136868
3372669 [0, 38400]: LP
	bnd = 38400.000000
	its = 1
	hyp = 1573 / 5318
	cut = 136946
3374824 [0, 38400]: LP
	bnd = 38400.000000
	its = 1
	hyp = 1573 / 5318
	cut = 137024
3376948 [0, 38400]: LP
	bnd = 38400.000000
	its = 1
	hyp = 1573 / 5318
	cut = 137102
3379061 [0, 38400]: LP
	bnd = 38400.000000
	its = 1
	hyp = 1573 / 5318
	cut = 137180
3381189 [0, 38400]: LP
	bnd = 38400.000000
	its = 1
	hyp = 1573 / 5318
	cut = 137258
3383386 [0, 38400]: LP
	bnd = 38400.000000
	its = 1
	hyp = 1573 / 5318
	cut = 137336
3385606 [0, 38400]: LP
	bnd = 38400.000000
	its = 1
	hyp = 1573 / 5318
	cut = 137414
3387759 [0, 38400]: LP
	bnd = 38400.000000
	its = 1
	hyp = 1573 / 5318
	cut = 137492
3389954 [0, 38400]: LP
	bnd = 38400.000000
	its = 1
	hyp = 1573 / 5318
	cut = 137570
3392193 [0, 38400]: LP
	bnd = 38400.000000
	its = 1
	hyp = 1573 / 5318
	cut = 137648
3394338 [0, 38400]: LP
	bnd = 38400.000000
	its = 1
	hyp = 1573 / 5318
	cut = 137726
3396486 [0, 38400]: LP
	bnd = 38400.000000
	its = 1
	hyp = 1573 / 5318
	cut = 137804
3398623 [0, 38400]: LP
	bnd = 38400.000000
	its = 1
	hyp = 1573 / 5318
	cut = 137882
3400769 [0, 38400]: LP
	bnd = 38400.000000
	its = 1
	hyp = 1573 / 5318
	cut = 137960
3402948 [0, 38400]: LP
	bnd = 38400.000000
	its = 1
	hyp = 1573 / 5318
	cut = 138038
3405105 [0, 38400]: LP
	bnd = 38400.000000
	its = 1
	hyp = 1573 / 5318
	cut = 138116
3407169 [0, 38400]: LP
	bnd = 38400.000000
	its = 1
	hyp = 1573 / 5318
	cut = 138194
3409275 [0, 38400]: LP
	bnd = 38400.000000
	its = 1
	hyp = 1573 / 5318
	cut = 138272
3411422 [0, 38400]: LP
	bnd = 38400.000000
	its = 1
	hyp = 1573 / 5318
	cut = 138350
3413562 [0, 38400]: LP
	bnd = 38400.000000
	its = 1
	hyp = 1573 / 5318
	cut = 138428
3415708 [0, 38400]: LP
	bnd = 38400.000000
	its = 1
	hyp = 1573 / 5318
	cut = 138506
3417855 [0, 38400]: LP
	bnd = 38400.000000
	its = 1
	hyp = 1573 / 5318
	cut = 138584
3420077 [0, 38400]: LP
	bnd = 38400.000000
	its = 1
	hyp = 1573 / 5318
	cut = 138662
3422335 [0, 38400]: LP
	bnd = 38400.000000
	its = 1
	hyp = 1573 / 5318
	cut = 138740
3424477 [0, 38400]: LP
	bnd = 38400.000000
	its = 1
	hyp = 1573 / 5318
	cut = 138818
3426639 [0, 38400]: LP
	bnd = 38400.000000
	its = 1
	hyp = 1573 / 5318
	cut = 138896
3428814 [0, 38400]: LP
	bnd = 38400.000000
	its = 1
	hyp = 1573 / 5318
	cut = 138974
3430923 [0, 38400]: LP
	bnd = 38400.000000
	its = 1
	hyp = 1573 / 5318
	cut = 139052
3433103 [0, 38400]: LP
	bnd = 38400.000000
	its = 1
	hyp = 1573 / 5318
	cut = 139130
3435295 [0, 38400]: LP
	bnd = 38400.000000
	its = 1
	hyp = 1573 / 5318
	cut = 139208
3437459 [0, 38400]: LP
	bnd = 38400.000000
	its = 1
	hyp = 1573 / 5318
	cut = 139286
3439602 [0, 38400]: LP
	bnd = 38400.000000
	its = 1
	hyp = 1573 / 5318
	cut = 139364
3441769 [0, 38400]: LP
	bnd = 38400.000000
	its = 1
	hyp = 1573 / 5318
	cut = 139442
3443921 [0, 38400]: LP
	bnd = 38400.000000
	its = 1
	hyp = 1573 / 5318
	cut = 139520
3446091 [0, 38400]: LP
	bnd = 38400.000000
	its = 1
	hyp = 1573 / 5318
	cut = 139598
3448287 [0, 38400]: LP
	bnd = 38400.000000
	its = 1
	hyp = 1573 / 5318
	cut = 139676
3450482 [0, 38400]: LP
	bnd = 38400.000000
	its = 1
	hyp = 1573 / 5318
	cut = 139754
3452648 [0, 38400]: LP
	bnd = 38400.000000
	its = 1
	hyp = 1573 / 5318
	cut = 139832
3454815 [0, 38400]: LP
	bnd = 38400.000000
	its = 1
	hyp = 1573 / 5318
	cut = 139910
3456991 [0, 38400]: LP
	bnd = 38400.000000
	its = 1
	hyp = 1573 / 5318
	cut = 139988
3459148 [0, 38400]: LP
	bnd = 38400.000000
	its = 1
	hyp = 1573 / 5318
	cut = 140066
3461292 [0, 38400]: LP
	bnd = 38400.000000
	its = 1
	hyp = 1573 / 5318
	cut = 140144
3463458 [0, 38400]: LP
	bnd = 38400.000000
	its = 1
	hyp = 1573 / 5318
	cut = 140222
3465622 [0, 38400]: LP
	bnd = 38400.000000
	its = 1
	hyp = 1573 / 5318
	cut = 140300
3467779 [0, 38400]: LP
	bnd = 38400.000000
	its = 1
	hyp = 1573 / 5318
	cut = 140378
3469940 [0, 38400]: LP
	bnd = 38400.000000
	its = 1
	hyp = 1573 / 5318
	cut = 140456
3472097 [0, 38400]: LP
	bnd = 38400.000000
	its = 1
	hyp = 1573 / 5318
	cut = 140534
3474252 [0, 38400]: LP
	bnd = 38400.000000
	its = 1
	hyp = 1573 / 5318
	cut = 140612
3476408 [0, 38400]: LP
	bnd = 38400.000000
	its = 1
	hyp = 1573 / 5318
	cut = 140690
3478562 [0, 38400]: LP
	bnd = 38400.000000
	its = 1
	hyp = 1573 / 5318
	cut = 140768
3480666 [0, 38400]: LP
	bnd = 38400.000000
	its = 1
	hyp = 1573 / 5318
	cut = 140846
3482851 [0, 38400]: LP
	bnd = 38400.000000
	its = 1
	hyp = 1573 / 5318
	cut = 140924
3485028 [0, 38400]: LP
	bnd = 38400.000000
	its = 1
	hyp = 1573 / 5318
	cut = 141002
3487194 [0, 38400]: LP
	bnd = 38400.000000
	its = 1
	hyp = 1573 / 5318
	cut = 141080
3489368 [0, 38400]: LP
	bnd = 38400.000000
	its = 1
	hyp = 1573 / 5318
	cut = 141158
3491535 [0, 38400]: LP
	bnd = 38400.000000
	its = 1
	hyp = 1573 / 5318
	cut = 141236
3493721 [0, 38400]: LP
	bnd = 38400.000000
	its = 1
	hyp = 1573 / 5318
	cut = 141314
3495944 [0, 38400]: LP
	bnd = 38400.000000
	its = 1
	hyp = 1573 / 5318
	cut = 141392
3498133 [0, 38400]: LP
	bnd = 38400.000000
	its = 1
	hyp = 1573 / 5318
	cut = 141470
3500308 [0, 38400]: LP
	bnd = 38400.000000
	its = 1
	hyp = 1573 / 5318
	cut = 141548
3502570 [0, 38400]: LP
	bnd = 38400.000000
	its = 1
	hyp = 1573 / 5318
	cut = 141626
3504859 [0, 38400]: LP
	bnd = 38400.000000
	its = 1
	hyp = 1573 / 5318
	cut = 141704
3507041 [0, 38400]: LP
	bnd = 38400.000000
	its = 1
	hyp = 1573 / 5318
	cut = 141782
3509221 [0, 38400]: LP
	bnd = 38400.000000
	its = 1
	hyp = 1573 / 5318
	cut = 141860
3511378 [0, 38400]: LP
	bnd = 38400.000000
	its = 1
	hyp = 1573 / 5318
	cut = 141938
3513564 [0, 38400]: LP
	bnd = 38400.000000
	its = 1
	hyp = 1573 / 5318
	cut = 142016
3515679 [0, 38400]: LP
	bnd = 38400.000000
	its = 1
	hyp = 1573 / 5318
	cut = 142094
3517852 [0, 38400]: LP
	bnd = 38400.000000
	its = 1
	hyp = 1573 / 5318
	cut = 142172
3520031 [0, 38400]: LP
	bnd = 38400.000000
	its = 1
	hyp = 1573 / 5318
	cut = 142250
3522198 [0, 38400]: LP
	bnd = 38400.000000
	its = 1
	hyp = 1573 / 5318
	cut = 142328
3524391 [0, 38400]: LP
	bnd = 38400.000000
	its = 1
	hyp = 1573 / 5318
	cut = 142406
3526614 [0, 38400]: LP
	bnd = 38400.000000
	its = 1
	hyp = 1573 / 5318
	cut = 142484
3528805 [0, 38400]: LP
	bnd = 38400.000000
	its = 1
	hyp = 1573 / 5318
	cut = 142562
3530990 [0, 38400]: LP
	bnd = 38400.000000
	its = 1
	hyp = 1573 / 5318
	cut = 142640
3533193 [0, 38400]: LP
	bnd = 38400.000000
	its = 1
	hyp = 1573 / 5318
	cut = 142718
3535442 [0, 38400]: LP
	bnd = 38400.000000
	its = 1
	hyp = 1573 / 5318
	cut = 142796
3537704 [0, 38400]: LP
	bnd = 38400.000000
	its = 1
	hyp = 1573 / 5318
	cut = 142874
3539890 [0, 38400]: LP
	bnd = 38400.000000
	its = 1
	hyp = 1573 / 5318
	cut = 142952
3542095 [0, 38400]: LP
	bnd = 38400.000000
	its = 1
	hyp = 1573 / 5318
	cut = 143030
3544279 [0, 38400]: LP
	bnd = 38400.000000
	its = 1
	hyp = 1573 / 5318
	cut = 143108
3546474 [0, 38400]: LP
	bnd = 38400.000000
	its = 1
	hyp = 1573 / 5318
	cut = 143186
3548672 [0, 38400]: LP
	bnd = 38400.000000
	its = 1
	hyp = 1573 / 5318
	cut = 143264
3550792 [0, 38400]: LP
	bnd = 38400.000000
	its = 1
	hyp = 1573 / 5318
	cut = 143342
3552989 [0, 38400]: LP
	bnd = 38400.000000
	its = 1
	hyp = 1573 / 5318
	cut = 143420
3555184 [0, 38400]: LP
	bnd = 38400.000000
	its = 1
	hyp = 1573 / 5318
	cut = 143498
3557384 [0, 38400]: LP
	bnd = 38400.000000
	its = 1
	hyp = 1573 / 5318
	cut = 143576
3559578 [0, 38400]: LP
	bnd = 38400.000000
	its = 1
	hyp = 1573 / 5318
	cut = 143654
3561777 [0, 38400]: LP
	bnd = 38400.000000
	its = 1
	hyp = 1573 / 5318
	cut = 143732
3563982 [0, 38400]: LP
	bnd = 38400.000000
	its = 1
	hyp = 1573 / 5318
	cut = 143810
3566193 [0, 38400]: LP
	bnd = 38400.000000
	its = 1
	hyp = 1573 / 5318
	cut = 143888
3568384 [0, 38400]: LP
	bnd = 38400.000000
	its = 1
	hyp = 1573 / 5318
	cut = 143966
3570550 [0, 38400]: LP
	bnd = 38400.000000
	its = 1
	hyp = 1573 / 5318
	cut = 144044
3572721 [0, 38400]: LP
	bnd = 38400.000000
	its = 1
	hyp = 1573 / 5318
	cut = 144122
3574909 [0, 38400]: LP
	bnd = 38400.000000
	its = 1
	hyp = 1573 / 5318
	cut = 144200
3577092 [0, 38400]: LP
	bnd = 38400.000000
	its = 1
	hyp = 1573 / 5318
	cut = 144278
3579274 [0, 38400]: LP
	bnd = 38400.000000
	its = 1
	hyp = 1573 / 5318
	cut = 144356
3581470 [0, 38400]: LP
	bnd = 38400.000000
	its = 1
	hyp = 1573 / 5318
	cut = 144434
3583672 [0, 38400]: LP
	bnd = 38400.000000
	its = 1
	hyp = 1573 / 5318
	cut = 144512
3585862 [0, 38400]: LP
	bnd = 38400.000000
	its = 1
	hyp = 1573 / 5318
	cut = 144590
3588172 [0, 38400]: LP
	bnd = 38400.000000
	its = 1
	hyp = 1573 / 5318
	cut = 144668
3590473 [0, 38400]: LP
	bnd = 38400.000000
	its = 1
	hyp = 1573 / 5318
	cut = 144746
3592667 [0, 38400]: LP
	bnd = 38400.000000
	its = 1
	hyp = 1573 / 5318
	cut = 144824
3594873 [0, 38400]: LP
	bnd = 38400.000000
	its = 1
	hyp = 1573 / 5318
	cut = 144902
3597061 [0, 38400]: LP
	bnd = 38400.000000
	its = 1
	hyp = 1573 / 5318
	cut = 144980
3599257 [0, 38400]: LP
	bnd = 38400.000000
	its = 1
	hyp = 1573 / 5318
	cut = 145058
3601441 [0, 38400]: LP
	bnd = 38400.000000
	its = 1
	hyp = 1573 / 5318
	cut = 145136
3603588 [0, 38400]: LP
	bnd = 38400.000000
	its = 1
	hyp = 1573 / 5318
	cut = 145214
3605784 [0, 38400]: LP
	bnd = 38400.000000
	its = 1
	hyp = 1573 / 5318
	cut = 145292
3607969 [0, 38400]: LP
	bnd = 38400.000000
	its = 1
	hyp = 1573 / 5318
	cut = 145370
3610168 [0, 38400]: LP
	bnd = 38400.000000
	its = 1
	hyp = 1573 / 5318
	cut = 145448
3612368 [0, 38400]: LP
	bnd = 38400.000000
	its = 1
	hyp = 1573 / 5318
	cut = 145526
3614552 [0, 38400]: LP
	bnd = 38400.000000
	its = 1
	hyp = 1573 / 5318
	cut = 145604
3616729 [0, 38400]: LP
	bnd = 38400.000000
	its = 1
	hyp = 1573 / 5318
	cut = 145682
3618900 [0, 38400]: LP
	bnd = 38400.000000
	its = 1
	hyp = 1573 / 5318
	cut = 145760
3621083 [0, 38400]: LP
	bnd = 38400.000000
	its = 1
	hyp = 1573 / 5318
	cut = 145838
3623266 [0, 38400]: LP
	bnd = 38400.000000
	its = 1
	hyp = 1573 / 5318
	cut = 145916
3625411 [0, 38400]: LP
	bnd = 38400.000000
	its = 1
	hyp = 1573 / 5318
	cut = 145994
3627592 [0, 38400]: LP
	bnd = 38400.000000
	its = 1
	hyp = 1573 / 5318
	cut = 146072
3629785 [0, 38400]: LP
	bnd = 38400.000000
	its = 1
	hyp = 1573 / 5318
	cut = 146150
3631939 [0, 38400]: LP
	bnd = 38400.000000
	its = 1
	hyp = 1573 / 5318
	cut = 146228
3634139 [0, 38400]: LP
	bnd = 38400.000000
	its = 1
	hyp = 1573 / 5318
	cut = 146306
3636338 [0, 38400]: LP
	bnd = 38400.000000
	its = 1
	hyp = 1573 / 5318
	cut = 146384
3638527 [0, 38400]: LP
	bnd = 38400.000000
	its = 1
	hyp = 1573 / 5318
	cut = 146462
3640716 [0, 38400]: LP
	bnd = 38400.000000
	its = 1
	hyp = 1573 / 5318
	cut = 146540
3642881 [0, 38400]: LP
	bnd = 38400.000000
	its = 1
	hyp = 1573 / 5318
	cut = 146618
3645065 [0, 38400]: LP
	bnd = 38400.000000
	its = 1
	hyp = 1573 / 5318
	cut = 146696
3647264 [0, 38400]: LP
	bnd = 38400.000000
	its = 1
	hyp = 1573 / 5318
	cut = 146774
3649369 [0, 38400]: LP
	bnd = 38400.000000
	its = 1
	hyp = 1573 / 5318
	cut = 146852
3651552 [0, 38400]: LP
	bnd = 38400.000000
	its = 1
	hyp = 1573 / 5318
	cut = 146930
3653746 [0, 38400]: LP
	bnd = 38400.000000
	its = 1
	hyp = 1573 / 5318
	cut = 147008
3655935 [0, 38400]: LP
	bnd = 38400.000000
	its = 1
	hyp = 1573 / 5318
	cut = 147086
3658129 [0, 38400]: LP
	bnd = 38400.000000
	its = 1
	hyp = 1573 / 5318
	cut = 147164
3660318 [0, 38400]: LP
	bnd = 38400.000000
	its = 1
	hyp = 1573 / 5318
	cut = 147242
3662519 [0, 38400]: LP
	bnd = 38400.000000
	its = 1
	hyp = 1573 / 5318
	cut = 147320
3664722 [0, 38400]: LP
	bnd = 38400.000000
	its = 1
	hyp = 1573 / 5318
	cut = 147398
3666932 [0, 38400]: LP
	bnd = 38400.000000
	its = 1
	hyp = 1573 / 5318
	cut = 147476
3669147 [0, 38400]: LP
	bnd = 38400.000000
	its = 1
	hyp = 1573 / 5318
	cut = 147554
3671337 [0, 38400]: LP
	bnd = 38400.000000
	its = 1
	hyp = 1573 / 5318
	cut = 147632
3673648 [0, 38400]: LP
	bnd = 38400.000000
	its = 1
	hyp = 1573 / 5318
	cut = 147710
3675906 [0, 38400]: LP
	bnd = 38400.000000
	its = 1
	hyp = 1573 / 5318
	cut = 147788
3678119 [0, 38400]: LP
	bnd = 38400.000000
	its = 1
	hyp = 1573 / 5318
	cut = 147866
3680339 [0, 38400]: LP
	bnd = 38400.000000
	its = 1
	hyp = 1573 / 5318
	cut = 147944
3682596 [0, 38400]: LP
	bnd = 38400.000000
	its = 1
	hyp = 1573 / 5318
	cut = 148022
3684824 [0, 38400]: LP
	bnd = 38400.000000
	its = 1
	hyp = 1573 / 5318
	cut = 148100
3687030 [0, 38400]: LP
	bnd = 38400.000000
	its = 1
	hyp = 1573 / 5318
	cut = 148178
3689364 [0, 38400]: LP
	bnd = 38400.000000
	its = 1
	hyp = 1573 / 5318
	cut = 148256
3691634 [0, 38400]: LP
	bnd = 38400.000000
	its = 1
	hyp = 1573 / 5318
	cut = 148334
3693913 [0, 38400]: LP
	bnd = 38400.000000
	its = 1
	hyp = 1573 / 5318
	cut = 148412
3696124 [0, 38400]: LP
	bnd = 38400.000000
	its = 1
	hyp = 1573 / 5318
	cut = 148490
3698333 [0, 38400]: LP
	bnd = 38400.000000
	its = 1
	hyp = 1573 / 5318
	cut = 148568
3700569 [0, 38400]: LP
	bnd = 38400.000000
	its = 1
	hyp = 1573 / 5318
	cut = 148646
3702699 [0, 38400]: LP
	bnd = 38400.000000
	its = 1
	hyp = 1573 / 5318
	cut = 148724
3704870 [0, 38400]: LP
	bnd = 38400.000000
	its = 1
	hyp = 1573 / 5318
	cut = 148802
3707019 [0, 38400]: LP
	bnd = 38400.000000
	its = 1
	hyp = 1573 / 5318
	cut = 148880
3709241 [0, 38400]: LP
	bnd = 38400.000000
	its = 1
	hyp = 1573 / 5318
	cut = 148958
3711439 [0, 38400]: LP
	bnd = 38400.000000
	its = 1
	hyp = 1573 / 5318
	cut = 149036
3713658 [0, 38400]: LP
	bnd = 38400.000000
	its = 1
	hyp = 1573 / 5318
	cut = 149114
3715873 [0, 38400]: LP
	bnd = 38400.000000
	its = 1
	hyp = 1573 / 5318
	cut = 149192
3718082 [0, 38400]: LP
	bnd = 38400.000000
	its = 1
	hyp = 1573 / 5318
	cut = 149270
3720289 [0, 38400]: LP
	bnd = 38400.000000
	its = 1
	hyp = 1573 / 5318
	cut = 149348
3722493 [0, 38400]: LP
	bnd = 38400.000000
	its = 1
	hyp = 1573 / 5318
	cut = 149426
3724671 [0, 38400]: LP
	bnd = 38400.000000
	its = 1
	hyp = 1573 / 5318
	cut = 149504
3726960 [0, 38400]: LP
	bnd = 38400.000000
	its = 1
	hyp = 1573 / 5318
	cut = 149582
3729178 [0, 38400]: LP
	bnd = 38400.000000
	its = 1
	hyp = 1573 / 5318
	cut = 149660
3731394 [0, 38400]: LP
	bnd = 38400.000000
	its = 1
	hyp = 1573 / 5318
	cut = 149738
3733610 [0, 38400]: LP
	bnd = 38400.000000
	its = 1
	hyp = 1573 / 5318
	cut = 149816
3735823 [0, 38400]: LP
	bnd = 38400.000000
	its = 1
	hyp = 1573 / 5318
	cut = 149894
3738025 [0, 38400]: LP
	bnd = 38400.000000
	its = 1
	hyp = 1573 / 5318
	cut = 149972
3740260 [0, 38400]: LP
	bnd = 38400.000000
	its = 1
	hyp = 1573 / 5318
	cut = 150050
3742436 [0, 38400]: LP
	bnd = 38400.000000
	its = 1
	hyp = 1573 / 5318
	cut = 150128
3744667 [0, 38400]: LP
	bnd = 38400.000000
	its = 1
	hyp = 1573 / 5318
	cut = 150206
3746868 [0, 38400]: LP
	bnd = 38400.000000
	its = 1
	hyp = 1573 / 5318
	cut = 150284
3749087 [0, 38400]: LP
	bnd = 38400.000000
	its = 1
	hyp = 1573 / 5318
	cut = 150362
3751215 [0, 38400]: LP
	bnd = 38400.000000
	its = 1
	hyp = 1573 / 5318
	cut = 150440
3753418 [0, 38400]: LP
	bnd = 38400.000000
	its = 1
	hyp = 1573 / 5318
	cut = 150518
3755650 [0, 38400]: LP
	bnd = 38400.000000
	its = 1
	hyp = 1573 / 5318
	cut = 150596
3757864 [0, 38400]: LP
	bnd = 38400.000000
	its = 1
	hyp = 1573 / 5318
	cut = 150674
3760192 [0, 38400]: LP
	bnd = 38400.000000
	its = 1
	hyp = 1573 / 5318
	cut = 150752
3762514 [0, 38400]: LP
	bnd = 38400.000000
	its = 1
	hyp = 1573 / 5318
	cut = 150830
3764825 [0, 38400]: LP
	bnd = 38400.000000
	its = 1
	hyp = 1573 / 5318
	cut = 150908
3767040 [0, 38400]: LP
	bnd = 38400.000000
	its = 1
	hyp = 1573 / 5318
	cut = 150986
3769263 [0, 38400]: LP
	bnd = 38400.000000
	its = 1
	hyp = 1573 / 5318
	cut = 151064
3771477 [0, 38400]: LP
	bnd = 38400.000000
	its = 1
	hyp = 1573 / 5318
	cut = 151142
3773676 [0, 38400]: LP
	bnd = 38400.000000
	its = 1
	hyp = 1573 / 5318
	cut = 151220
3775870 [0, 38400]: LP
	bnd = 38400.000000
	its = 1
	hyp = 1573 / 5318
	cut = 151298
3778074 [0, 38400]: LP
	bnd = 38400.000000
	its = 1
	hyp = 1573 / 5318
	cut = 151376
3780280 [0, 38400]: LP
	bnd = 38400.000000
	its = 1
	hyp = 1573 / 5318
	cut = 151454
3782493 [0, 38400]: LP
	bnd = 38400.000000
	its = 1
	hyp = 1573 / 5318
	cut = 151532
3784712 [0, 38400]: LP
	bnd = 38400.000000
	its = 1
	hyp = 1573 / 5318
	cut = 151610
3786940 [0, 38400]: LP
	bnd = 38400.000000
	its = 1
	hyp = 1573 / 5318
	cut = 151688
3789128 [0, 38400]: LP
	bnd = 38400.000000
	its = 1
	hyp = 1573 / 5318
	cut = 151766
3791344 [0, 38400]: LP
	bnd = 38400.000000
	its = 1
	hyp = 1573 / 5318
	cut = 151844
3793531 [0, 38400]: LP
	bnd = 38400.000000
	its = 1
	hyp = 1573 / 5318
	cut = 151922
3795740 [0, 38400]: LP
	bnd = 38400.000000
	its = 1
	hyp = 1573 / 5318
	cut = 152000
3797951 [0, 38400]: LP
	bnd = 38400.000000
	its = 1
	hyp = 1573 / 5318
	cut = 152078
3800175 [0, 38400]: LP
	bnd = 38400.000000
	its = 1
	hyp = 1573 / 5318
	cut = 152156
3802602 [0, 38400]: LP
	bnd = 38400.000000
	its = 1
	hyp = 1573 / 5318
	cut = 152234
3804995 [0, 38400]: LP
	bnd = 38400.000000
	its = 1
	hyp = 1573 / 5318
	cut = 152312
3807257 [0, 38400]: LP
	bnd = 38400.000000
	its = 1
	hyp = 1573 / 5318
	cut = 152390
3809516 [0, 38400]: LP
	bnd = 38400.000000
	its = 1
	hyp = 1573 / 5318
	cut = 152468
3811749 [0, 38400]: LP
	bnd = 38400.000000
	its = 1
	hyp = 1573 / 5318
	cut = 152546
3814094 [0, 38400]: LP
	bnd = 38400.000000
	its = 1
	hyp = 1573 / 5318
	cut = 152624
3816337 [0, 38400]: LP
	bnd = 38400.000000
	its = 1
	hyp = 1573 / 5318
	cut = 152702
3818584 [0, 38400]: LP
	bnd = 38400.000000
	its = 1
	hyp = 1573 / 5318
	cut = 152780
3820822 [0, 38400]: LP
	bnd = 38400.000000
	its = 1
	hyp = 1573 / 5318
	cut = 152858
3822995 [0, 38400]: LP
	bnd = 38400.000000
	its = 1
	hyp = 1573 / 5318
	cut = 152936
3825339 [0, 38400]: LP
	bnd = 38400.000000
	its = 1
	hyp = 1573 / 5318
	cut = 153014
3827567 [0, 38400]: LP
	bnd = 38400.000000
	its = 1
	hyp = 1573 / 5318
	cut = 153092
3829782 [0, 38400]: LP
	bnd = 38400.000000
	its = 1
	hyp = 1573 / 5318
	cut = 153170
3832010 [0, 38400]: LP
	bnd = 38400.000000
	its = 1
	hyp = 1573 / 5318
	cut = 153248
3834262 [0, 38400]: LP
	bnd = 38400.000000
	its = 1
	hyp = 1573 / 5318
	cut = 153326
3836507 [0, 38400]: LP
	bnd = 38400.000000
	its = 1
	hyp = 1573 / 5318
	cut = 153404
3838749 [0, 38400]: LP
	bnd = 38400.000000
	its = 1
	hyp = 1573 / 5318
	cut = 153482
3840996 [0, 38400]: LP
	bnd = 38400.000000
	its = 1
	hyp = 1573 / 5318
	cut = 153560
3843227 [0, 38400]: LP
	bnd = 38400.000000
	its = 1
	hyp = 1573 / 5318
	cut = 153638
3845460 [0, 38400]: LP
	bnd = 38400.000000
	its = 1
	hyp = 1573 / 5318
	cut = 153716
3847702 [0, 38400]: LP
	bnd = 38400.000000
	its = 1
	hyp = 1573 / 5318
	cut = 153794
3850052 [0, 38400]: LP
	bnd = 38400.000000
	its = 1
	hyp = 1573 / 5318
	cut = 153872
3852398 [0, 38400]: LP
	bnd = 38400.000000
	its = 1
	hyp = 1573 / 5318
	cut = 153950
3854690 [0, 38400]: LP
	bnd = 38400.000000
	its = 1
	hyp = 1573 / 5318
	cut = 154028
3856950 [0, 38400]: LP
	bnd = 38400.000000
	its = 1
	hyp = 1573 / 5318
	cut = 154106
3859443 [0, 38400]: LP
	bnd = 38400.000000
	its = 1
	hyp = 1573 / 5318
	cut = 154184
3861714 [0, 38400]: LP
	bnd = 38400.000000
	its = 1
	hyp = 1573 / 5318
	cut = 154262
3863963 [0, 38400]: LP
	bnd = 38400.000000
	its = 1
	hyp = 1573 / 5318
	cut = 154340
3866181 [0, 38400]: LP
	bnd = 38400.000000
	its = 1
	hyp = 1573 / 5318
	cut = 154418
3868429 [0, 38400]: LP
	bnd = 38400.000000
	its = 1
	hyp = 1573 / 5318
	cut = 154496
3870665 [0, 38400]: LP
	bnd = 38400.000000
	its = 1
	hyp = 1573 / 5318
	cut = 154574
3872915 [0, 38400]: LP
	bnd = 38400.000000
	its = 1
	hyp = 1573 / 5318
	cut = 154652
3875174 [0, 38400]: LP
	bnd = 38400.000000
	its = 1
	hyp = 1573 / 5318
	cut = 154730
3877414 [0, 38400]: LP
	bnd = 38400.000000
	its = 1
	hyp = 1573 / 5318
	cut = 154808
3879663 [0, 38400]: LP
	bnd = 38400.000000
	its = 1
	hyp = 1573 / 5318
	cut = 154886
3881967 [0, 38400]: LP
	bnd = 38400.000000
	its = 1
	hyp = 1573 / 5318
	cut = 154964
3884301 [0, 38400]: LP
	bnd = 38400.000000
	its = 1
	hyp = 1573 / 5318
	cut = 155042
3886602 [0, 38400]: LP
	bnd = 38400.000000
	its = 1
	hyp = 1573 / 5318
	cut = 155120
3888949 [0, 38400]: LP
	bnd = 38400.000000
	its = 1
	hyp = 1573 / 5318
	cut = 155198
3891194 [0, 38400]: LP
	bnd = 38400.000000
	its = 1
	hyp = 1573 / 5318
	cut = 155276
3893538 [0, 38400]: LP
	bnd = 38400.000000
	its = 1
	hyp = 1573 / 5318
	cut = 155354
3895898 [0, 38400]: LP
	bnd = 38400.000000
	its = 1
	hyp = 1573 / 5318
	cut = 155432
3898256 [0, 38400]: LP
	bnd = 38400.000000
	its = 1
	hyp = 1573 / 5318
	cut = 155510
3900609 [0, 38400]: LP
	bnd = 38400.000000
	its = 1
	hyp = 1573 / 5318
	cut = 155588
3902864 [0, 38400]: LP
	bnd = 38400.000000
	its = 1
	hyp = 1573 / 5318
	cut = 155666
3905222 [0, 38400]: LP
	bnd = 38400.000000
	its = 1
	hyp = 1573 / 5318
	cut = 155744
3907540 [0, 38400]: LP
	bnd = 38400.000000
	its = 1
	hyp = 1573 / 5318
	cut = 155822
3909928 [0, 38400]: LP
	bnd = 38400.000000
	its = 1
	hyp = 1573 / 5318
	cut = 155900
3912303 [0, 38400]: LP
	bnd = 38400.000000
	its = 1
	hyp = 1573 / 5318
	cut = 155978
3914639 [0, 38400]: LP
	bnd = 38400.000000
	its = 1
	hyp = 1573 / 5318
	cut = 156056
3916985 [0, 38400]: LP
	bnd = 38400.000000
	its = 1
	hyp = 1573 / 5318
	cut = 156134
3919349 [0, 38400]: LP
	bnd = 38400.000000
	its = 1
	hyp = 1573 / 5318
	cut = 156212
3921752 [0, 38400]: LP
	bnd = 38400.000000
	its = 1
	hyp = 1573 / 5318
	cut = 156290
3924099 [0, 38400]: LP
	bnd = 38400.000000
	its = 1
	hyp = 1573 / 5318
	cut = 156368
3926458 [0, 38400]: LP
	bnd = 38400.000000
	its = 1
	hyp = 1573 / 5318
	cut = 156446
3928817 [0, 38400]: LP
	bnd = 38400.000000
	its = 1
	hyp = 1573 / 5318
	cut = 156524
3931171 [0, 38400]: LP
	bnd = 38400.000000
	its = 1
	hyp = 1573 / 5318
	cut = 156602
3933465 [0, 38400]: LP
	bnd = 38400.000000
	its = 1
	hyp = 1573 / 5318
	cut = 156680
3935854 [0, 38400]: LP
	bnd = 38400.000000
	its = 1
	hyp = 1573 / 5318
	cut = 156758
3938215 [0, 38400]: LP
	bnd = 38400.000000
	its = 1
	hyp = 1573 / 5318
	cut = 156836
3940565 [0, 38400]: LP
	bnd = 38400.000000
	its = 1
	hyp = 1573 / 5318
	cut = 156914
3942916 [0, 38400]: LP
	bnd = 38400.000000
	its = 1
	hyp = 1573 / 5318
	cut = 156992
3945284 [0, 38400]: LP
	bnd = 38400.000000
	its = 1
	hyp = 1573 / 5318
	cut = 157070
3947637 [0, 38400]: LP
	bnd = 38400.000000
	its = 1
	hyp = 1573 / 5318
	cut = 157148
3950005 [0, 38400]: LP
	bnd = 38400.000000
	its = 1
	hyp = 1573 / 5318
	cut = 157226
3952381 [0, 38400]: LP
	bnd = 38400.000000
	its = 1
	hyp = 1573 / 5318
	cut = 157304
3954654 [0, 38400]: LP
	bnd = 38400.000000
	its = 1
	hyp = 1573 / 5318
	cut = 157382
3957015 [0, 38400]: LP
	bnd = 38400.000000
	its = 1
	hyp = 1573 / 5318
	cut = 157460
3959326 [0, 38400]: LP
	bnd = 38400.000000
	its = 1
	hyp = 1573 / 5318
	cut = 157538
3961697 [0, 38400]: LP
	bnd = 38400.000000
	its = 1
	hyp = 1573 / 5318
	cut = 157616
3964045 [0, 38400]: LP
	bnd = 38400.000000
	its = 1
	hyp = 1573 / 5318
	cut = 157694
3966412 [0, 38400]: LP
	bnd = 38400.000000
	its = 1
	hyp = 1573 / 5318
	cut = 157772
3968773 [0, 38400]: LP
	bnd = 38400.000000
	its = 1
	hyp = 1573 / 5318
	cut = 157850
3971132 [0, 38400]: LP
	bnd = 38400.000000
	its = 1
	hyp = 1573 / 5318
	cut = 157928
3973485 [0, 38400]: LP
	bnd = 38400.000000
	its = 1
	hyp = 1573 / 5318
	cut = 158006
3975880 [0, 38400]: LP
	bnd = 38400.000000
	its = 1
	hyp = 1573 / 5318
	cut = 158084
3978235 [0, 38400]: LP
	bnd = 38400.000000
	its = 1
	hyp = 1573 / 5318
	cut = 158162
3980583 [0, 38400]: LP
	bnd = 38400.000000
	its = 1
	hyp = 1573 / 5318
	cut = 158240
3982954 [0, 38400]: LP
	bnd = 38400.000000
	its = 1
	hyp = 1573 / 5318
	cut = 158318
3985327 [0, 38400]: LP
	bnd = 38400.000000
	its = 1
	hyp = 1573 / 5318
	cut = 158396
3987693 [0, 38400]: LP
	bnd = 38400.000000
	its = 1
	hyp = 1573 / 5318
	cut = 158474
3990075 [0, 38400]: LP
	bnd = 38400.000000
	its = 1
	hyp = 1573 / 5318
	cut = 158552
3992465 [0, 38400]: LP
	bnd = 38400.000000
	its = 1
	hyp = 1573 / 5318
	cut = 158630
3994793 [0, 38400]: LP
	bnd = 38400.000000
	its = 1
	hyp = 1573 / 5318
	cut = 158708
3997177 [0, 38400]: LP
	bnd = 38400.000000
	its = 1
	hyp = 1573 / 5318
	cut = 158786
3999567 [0, 38400]: LP
	bnd = 38400.000000
	its = 1
	hyp = 1573 / 5318
	cut = 158864
4001958 [0, 38400]: LP
	bnd = 38400.000000
	its = 1
	hyp = 1573 / 5318
	cut = 158942
4004278 [0, 38400]: LP
	bnd = 38400.000000
	its = 1
	hyp = 1573 / 5318
	cut = 159020
4006716 [0, 38400]: LP
	bnd = 38400.000000
	its = 1
	hyp = 1573 / 5318
	cut = 159098
4009097 [0, 38400]: LP
	bnd = 38400.000000
	its = 1
	hyp = 1573 / 5318
	cut = 159176
4011518 [0, 38400]: LP
	bnd = 38400.000000
	its = 1
	hyp = 1573 / 5318
	cut = 159254
4013885 [0, 38400]: LP
	bnd = 38400.000000
	its = 1
	hyp = 1573 / 5318
	cut = 159332
4016329 [0, 38400]: LP
	bnd = 38400.000000
	its = 1
	hyp = 1573 / 5318
	cut = 159410
4018717 [0, 38400]: LP
	bnd = 38400.000000
	its = 1
	hyp = 1573 / 5318
	cut = 159488
4021101 [0, 38400]: LP
	bnd = 38400.000000
	its = 1
	hyp = 1573 / 5318
	cut = 159566
4023456 [0, 38400]: LP
	bnd = 38400.000000
	its = 1
	hyp = 1573 / 5318
	cut = 159644
4025837 [0, 38400]: LP
	bnd = 38400.000000
	its = 1
	hyp = 1573 / 5318
	cut = 159722
4028186 [0, 38400]: LP
	bnd = 38400.000000
	its = 1
	hyp = 1573 / 5318
	cut = 159800
4030508 [0, 38400]: LP
	bnd = 38400.000000
	its = 1
	hyp = 1573 / 5318
	cut = 159878
4032891 [0, 38400]: LP
	bnd = 38400.000000
	its = 1
	hyp = 1573 / 5318
	cut = 159956
4035206 [0, 38400]: LP
	bnd = 38400.000000
	its = 1
	hyp = 1573 / 5318
	cut = 160034
4037590 [0, 38400]: LP
	bnd = 38400.000000
	its = 1
	hyp = 1573 / 5318
	cut = 160112
4039991 [0, 38400]: LP
	bnd = 38400.000000
	its = 1
	hyp = 1573 / 5318
	cut = 160190
4042391 [0, 38400]: LP
	bnd = 38400.000000
	its = 1
	hyp = 1573 / 5318
	cut = 160268
4044787 [0, 38400]: LP
	bnd = 38400.000000
	its = 1
	hyp = 1573 / 5318
	cut = 160346
4047097 [0, 38400]: LP
	bnd = 38400.000000
	its = 1
	hyp = 1573 / 5318
	cut = 160424
4049476 [0, 38400]: LP
	bnd = 38400.000000
	its = 1
	hyp = 1573 / 5318
	cut = 160502
4051855 [0, 38400]: LP
	bnd = 38400.000000
	its = 1
	hyp = 1573 / 5318
	cut = 160580
4054203 [0, 38400]: LP
	bnd = 38400.000000
	its = 1
	hyp = 1573 / 5318
	cut = 160658
4056601 [0, 38400]: LP
	bnd = 38400.000000
	its = 1
	hyp = 1573 / 5318
	cut = 160736
4058975 [0, 38400]: LP
	bnd = 38400.000000
	its = 1
	hyp = 1573 / 5318
	cut = 160814
4061382 [0, 38400]: LP
	bnd = 38400.000000
	its = 1
	hyp = 1573 / 5318
	cut = 160892
4063777 [0, 38400]: LP
	bnd = 38400.000000
	its = 1
	hyp = 1573 / 5318
	cut = 160970
4066164 [0, 38400]: LP
	bnd = 38400.000000
	its = 1
	hyp = 1573 / 5318
	cut = 161048
4068570 [0, 38400]: LP
	bnd = 38400.000000
	its = 1
	hyp = 1573 / 5318
	cut = 161126
4070873 [0, 38400]: LP
	bnd = 38400.000000
	its = 1
	hyp = 1573 / 5318
	cut = 161204
4073297 [0, 38400]: LP
	bnd = 38400.000000
	its = 1
	hyp = 1573 / 5318
	cut = 161282
4075701 [0, 38400]: LP
	bnd = 38400.000000
	its = 1
	hyp = 1573 / 5318
	cut = 161360
4078080 [0, 38400]: LP
	bnd = 38400.000000
	its = 1
	hyp = 1573 / 5318
	cut = 161438
4080481 [0, 38400]: LP
	bnd = 38400.000000
	its = 1
	hyp = 1573 / 5318
	cut = 161516
4082871 [0, 38400]: LP
	bnd = 38400.000000
	its = 1
	hyp = 1573 / 5318
	cut = 161594
4085255 [0, 38400]: LP
	bnd = 38400.000000
	its = 1
	hyp = 1573 / 5318
	cut = 161672
4087652 [0, 38400]: LP
	bnd = 38400.000000
	its = 1
	hyp = 1573 / 5318
	cut = 161750
4090053 [0, 38400]: LP
	bnd = 38400.000000
	its = 1
	hyp = 1573 / 5318
	cut = 161828
4092451 [0, 38400]: LP
	bnd = 38400.000000
	its = 1
	hyp = 1573 / 5318
	cut = 161906
4094857 [0, 38400]: LP
	bnd = 38400.000000
	its = 1
	hyp = 1573 / 5318
	cut = 161984
4097285 [0, 38400]: LP
	bnd = 38400.000000
	its = 1
	hyp = 1573 / 5318
	cut = 162062
4099693 [0, 38400]: LP
	bnd = 38400.000000
	its = 1
	hyp = 1573 / 5318
	cut = 162140
4102118 [0, 38400]: LP
	bnd = 38400.000000
	its = 1
	hyp = 1573 / 5318
	cut = 162218
4104513 [0, 38400]: LP
	bnd = 38400.000000
	its = 1
	hyp = 1573 / 5318
	cut = 162296
4106846 [0, 38400]: LP
	bnd = 38400.000000
	its = 1
	hyp = 1573 / 5318
	cut = 162374
4109206 [0, 38400]: LP
	bnd = 38400.000000
	its = 1
	hyp = 1573 / 5318
	cut = 162452
4111591 [0, 38400]: LP
	bnd = 38400.000000
	its = 1
	hyp = 1573 / 5318
	cut = 162530
4114002 [0, 38400]: LP
	bnd = 38400.000000
	its = 1
	hyp = 1573 / 5318
	cut = 162608
4116430 [0, 38400]: LP
	bnd = 38400.000000
	its = 1
	hyp = 1573 / 5318
	cut = 162686
4118845 [0, 38400]: LP
	bnd = 38400.000000
	its = 1
	hyp = 1573 / 5318
	cut = 162764
4121255 [0, 38400]: LP
	bnd = 38400.000000
	its = 1
	hyp = 1573 / 5318
	cut = 162842
4123677 [0, 38400]: LP
	bnd = 38400.000000
	its = 1
	hyp = 1573 / 5318
	cut = 162920
4126059 [0, 38400]: LP
	bnd = 38400.000000
	its = 1
	hyp = 1573 / 5318
	cut = 162998
4128443 [0, 38400]: LP
	bnd = 38400.000000
	its = 1
	hyp = 1573 / 5318
	cut = 163076
4130850 [0, 38400]: LP
	bnd = 38400.000000
	its = 1
	hyp = 1573 / 5318
	cut = 163154
4133241 [0, 38400]: LP
	bnd = 38400.000000
	its = 1
	hyp = 1573 / 5318
	cut = 163232
4135637 [0, 38400]: LP
	bnd = 38400.000000
	its = 1
	hyp = 1573 / 5318
	cut = 163310
4138049 [0, 38400]: LP
	bnd = 38400.000000
	its = 1
	hyp = 1573 / 5318
	cut = 163388
4140467 [0, 38400]: LP
	bnd = 38400.000000
	its = 1
	hyp = 1573 / 5318
	cut = 163466
4142973 [0, 38400]: LP
	bnd = 38400.000000
	its = 1
	hyp = 1573 / 5318
	cut = 163544
4145378 [0, 38400]: LP
	bnd = 38400.000000
	its = 1
	hyp = 1573 / 5318
	cut = 163622
4147751 [0, 38400]: LP
	bnd = 38400.000000
	its = 1
	hyp = 1573 / 5318
	cut = 163700
4150148 [0, 38400]: LP
	bnd = 38400.000000
	its = 1
	hyp = 1573 / 5318
	cut = 163778
4152563 [0, 38400]: LP
	bnd = 38400.000000
	its = 1
	hyp = 1573 / 5318
	cut = 163856
4154962 [0, 38400]: LP
	bnd = 38400.000000
	its = 1
	hyp = 1573 / 5318
	cut = 163934
4157389 [0, 38400]: LP
	bnd = 38400.000000
	its = 1
	hyp = 1573 / 5318
	cut = 164012
4159696 [0, 38400]: LP
	bnd = 38400.000000
	its = 1
	hyp = 1573 / 5318
	cut = 164090
4162013 [0, 38400]: LP
	bnd = 38400.000000
	its = 1
	hyp = 1573 / 5318
	cut = 164168
4164283 [0, 38400]: LP
	bnd = 38400.000000
	its = 1
	hyp = 1573 / 5318
	cut = 164246
4166568 [0, 38400]: LP
	bnd = 38400.000000
	its = 1
	hyp = 1573 / 5318
	cut = 164324
4168869 [0, 38400]: LP
	bnd = 38400.000000
	its = 1
	hyp = 1573 / 5318
	cut = 164402
4171234 [0, 38400]: LP
	bnd = 38400.000000
	its = 1
	hyp = 1573 / 5318
	cut = 164480
4173508 [0, 38400]: LP
	bnd = 38400.000000
	its = 1
	hyp = 1573 / 5318
	cut = 164558
4175942 [0, 38400]: LP
	bnd = 38400.000000
	its = 1
	hyp = 1573 / 5318
	cut = 164636
4178371 [0, 38400]: LP
	bnd = 38400.000000
	its = 1
	hyp = 1573 / 5318
	cut = 164714
4180798 [0, 38400]: LP
	bnd = 38400.000000
	its = 1
	hyp = 1573 / 5318
	cut = 164792
4183264 [0, 38400]: LP
	bnd = 38400.000000
	its = 1
	hyp = 1573 / 5318
	cut = 164870
4185701 [0, 38400]: LP
	bnd = 38400.000000
	its = 1
	hyp = 1573 / 5318
	cut = 164948
4188145 [0, 38400]: LP
	bnd = 38400.000000
	its = 1
	hyp = 1573 / 5318
	cut = 165026
4190574 [0, 38400]: LP
	bnd = 38400.000000
	its = 1
	hyp = 1573 / 5318
	cut = 165104
4193007 [0, 38400]: LP
	bnd = 38400.000000
	its = 1
	hyp = 1573 / 5318
	cut = 165182
4195457 [0, 38400]: LP
	bnd = 38400.000000
	its = 1
	hyp = 1573 / 5318
	cut = 165260
4197850 [0, 38400]: LP
	bnd = 38400.000000
	its = 1
	hyp = 1573 / 5318
	cut = 165338
4200284 [0, 38400]: LP
	bnd = 38400.000000
	its = 1
	hyp = 1573 / 5318
	cut = 165416
4202700 [0, 38400]: LP
	bnd = 38400.000000
	its = 1
	hyp = 1573 / 5318
	cut = 165494
4205147 [0, 38400]: LP
	bnd = 38400.000000
	its = 1
	hyp = 1573 / 5318
	cut = 165572
4207586 [0, 38400]: LP
	bnd = 38400.000000
	its = 1
	hyp = 1573 / 5318
	cut = 165650
4209953 [0, 38400]: LP
	bnd = 38400.000000
	its = 1
	hyp = 1573 / 5318
	cut = 165728
4212378 [0, 38400]: LP
	bnd = 38400.000000
	its = 1
	hyp = 1573 / 5318
	cut = 165806
4214786 [0, 38400]: LP
	bnd = 38400.000000
	its = 1
	hyp = 1573 / 5318
	cut = 165884
4217239 [0, 38400]: LP
	bnd = 38400.000000
	its = 1
	hyp = 1573 / 5318
	cut = 165962
4219671 [0, 38400]: LP
	bnd = 38400.000000
	its = 1
	hyp = 1573 / 5318
	cut = 166040
4222109 [0, 38400]: LP
	bnd = 38400.000000
	its = 1
	hyp = 1573 / 5318
	cut = 166118
4224487 [0, 38400]: LP
	bnd = 38400.000000
	its = 1
	hyp = 1573 / 5318
	cut = 166196
4226901 [0, 38400]: LP
	bnd = 38400.000000
	its = 1
	hyp = 1573 / 5318
	cut = 166274
4229312 [0, 38400]: LP
	bnd = 38400.000000
	its = 1
	hyp = 1573 / 5318
	cut = 166352
4231693 [0, 38400]: LP
	bnd = 38400.000000
	its = 1
	hyp = 1573 / 5318
	cut = 166430
4234084 [0, 38400]: LP
	bnd = 38400.000000
	its = 1
	hyp = 1573 / 5318
	cut = 166508
4236459 [0, 38400]: LP
	bnd = 38400.000000
	its = 1
	hyp = 1573 / 5318
	cut = 166586
4238854 [0, 38400]: LP
	bnd = 38400.000000
	its = 1
	hyp = 1573 / 5318
	cut = 166664
4241210 [0, 38400]: LP
	bnd = 38400.000000
	its = 1
	hyp = 1573 / 5318
	cut = 166742
4243699 [0, 38400]: LP
	bnd = 38400.000000
	its = 1
	hyp = 1573 / 5318
	cut = 166820
4246150 [0, 38400]: LP
	bnd = 38400.000000
	its = 1
	hyp = 1573 / 5318
	cut = 166898
4248601 [0, 38400]: LP
	bnd = 38400.000000
	its = 1
	hyp = 1573 / 5318
	cut = 166976
4251048 [0, 38400]: LP
	bnd = 38400.000000
	its = 1
	hyp = 1573 / 5318
	cut = 167054
4253478 [0, 38400]: LP
	bnd = 38400.000000
	its = 1
	hyp = 1573 / 5318
	cut = 167132
4255900 [0, 38400]: LP
	bnd = 38400.000000
	its = 1
	hyp = 1573 / 5318
	cut = 167210
4258397 [0, 38400]: LP
	bnd = 38400.000000
	its = 1
	hyp = 1573 / 5318
	cut = 167288
4260815 [0, 38400]: LP
	bnd = 38400.000000
	its = 1
	hyp = 1573 / 5318
	cut = 167366
4263234 [0, 38400]: LP
	bnd = 38400.000000
	its = 1
	hyp = 1573 / 5318
	cut = 167444
4265684 [0, 38400]: LP
	bnd = 38400.000000
	its = 1
	hyp = 1573 / 5318
	cut = 167522
4268121 [0, 38400]: LP
	bnd = 38400.000000
	its = 1
	hyp = 1573 / 5318
	cut = 167600
4270497 [0, 38400]: LP
	bnd = 38400.000000
	its = 1
	hyp = 1573 / 5318
	cut = 167678
4272849 [0, 38400]: LP
	bnd = 38400.000000
	its = 1
	hyp = 1573 / 5318
	cut = 167756
4275292 [0, 38400]: LP
	bnd = 38400.000000
	its = 1
	hyp = 1573 / 5318
	cut = 167834
4277742 [0, 38400]: LP
	bnd = 38400.000000
	its = 1
	hyp = 1573 / 5318
	cut = 167912
4280070 [0, 38400]: LP
	bnd = 38400.000000
	its = 1
	hyp = 1573 / 5318
	cut = 167990
4282449 [0, 38400]: LP
	bnd = 38400.000000
	its = 1
	hyp = 1573 / 5318
	cut = 168068
4284885 [0, 38400]: LP
	bnd = 38400.000000
	its = 1
	hyp = 1573 / 5318
	cut = 168146
4287355 [0, 38400]: LP
	bnd = 38400.000000
	its = 1
	hyp = 1573 / 5318
	cut = 168224
4289801 [0, 38400]: LP
	bnd = 38400.000000
	its = 1
	hyp = 1573 / 5318
	cut = 168302
4292262 [0, 38400]: LP
	bnd = 38400.000000
	its = 1
	hyp = 1573 / 5318
	cut = 168380
4294700 [0, 38400]: LP
	bnd = 38400.000000
	its = 1
	hyp = 1573 / 5318
	cut = 168458
4297157 [0, 38400]: LP
	bnd = 38400.000000
	its = 1
	hyp = 1573 / 5318
	cut = 168536
4299639 [0, 38400]: LP
	bnd = 38400.000000
	its = 1
	hyp = 1573 / 5318
	cut = 168614
4302095 [0, 38400]: LP
	bnd = 38400.000000
	its = 1
	hyp = 1573 / 5318
	cut = 168692
4304548 [0, 38400]: LP
	bnd = 38400.000000
	its = 1
	hyp = 1573 / 5318
	cut = 168770
4307000 [0, 38400]: LP
	bnd = 38400.000000
	its = 1
	hyp = 1573 / 5318
	cut = 168848
4309465 [0, 38400]: LP
	bnd = 38400.000000
	its = 1
	hyp = 1573 / 5318
	cut = 168926
4311933 [0, 38400]: LP
	bnd = 38400.000000
	its = 1
	hyp = 1573 / 5318
	cut = 169004
4314382 [0, 38400]: LP
	bnd = 38400.000000
	its = 1
	hyp = 1573 / 5318
	cut = 169082
4316869 [0, 38400]: LP
	bnd = 38400.000000
	its = 1
	hyp = 1573 / 5318
	cut = 169160
4319378 [0, 38400]: LP
	bnd = 38400.000000
	its = 1
	hyp = 1573 / 5318
	cut = 169238
4321877 [0, 38400]: LP
	bnd = 38400.000000
	its = 1
	hyp = 1573 / 5318
	cut = 169316
4324387 [0, 38400]: LP
	bnd = 38400.000000
	its = 1
	hyp = 1573 / 5318
	cut = 169394
4326908 [0, 38400]: LP
	bnd = 38400.000000
	its = 1
	hyp = 1573 / 5318
	cut = 169472
4329410 [0, 38400]: LP
	bnd = 38400.000000
	its = 1
	hyp = 1573 / 5318
	cut = 169550
4331894 [0, 38400]: LP
	bnd = 38400.000000
	its = 1
	hyp = 1573 / 5318
	cut = 169628
4334351 [0, 38400]: LP
	bnd = 38400.000000
	its = 1
	hyp = 1573 / 5318
	cut = 169706
4336804 [0, 38400]: LP
	bnd = 38400.000000
	its = 1
	hyp = 1573 / 5318
	cut = 169784
4339286 [0, 38400]: LP
	bnd = 38400.000000
	its = 1
	hyp = 1573 / 5318
	cut = 169862
4341750 [0, 38400]: LP
	bnd = 38400.000000
	its = 1
	hyp = 1573 / 5318
	cut = 169940
4344240 [0, 38400]: LP
	bnd = 38400.000000
	its = 1
	hyp = 1573 / 5318
	cut = 170018
4346703 [0, 38400]: LP
	bnd = 38400.000000
	its = 1
	hyp = 1573 / 5318
	cut = 170096
4349175 [0, 38400]: LP
	bnd = 38400.000000
	its = 1
	hyp = 1573 / 5318
	cut = 170174
4351654 [0, 38400]: LP
	bnd = 38400.000000
	its = 1
	hyp = 1573 / 5318
	cut = 170252
4354161 [0, 38400]: LP
	bnd = 38400.000000
	its = 1
	hyp = 1573 / 5318
	cut = 170330
4356651 [0, 38400]: LP
	bnd = 38400.000000
	its = 1
	hyp = 1573 / 5318
	cut = 170408
4359163 [0, 38400]: LP
	bnd = 38400.000000
	its = 1
	hyp = 1573 / 5318
	cut = 170486
4361655 [0, 38400]: LP
	bnd = 38400.000000
	its = 1
	hyp = 1573 / 5318
	cut = 170564
4364153 [0, 38400]: LP
	bnd = 38400.000000
	its = 1
	hyp = 1573 / 5318
	cut = 170642
4366638 [0, 38400]: LP
	bnd = 38400.000000
	its = 1
	hyp = 1573 / 5318
	cut = 170720
4369128 [0, 38400]: LP
	bnd = 38400.000000
	its = 1
	hyp = 1573 / 5318
	cut = 170798
4371610 [0, 38400]: LP
	bnd = 38400.000000
	its = 1
	hyp = 1573 / 5318
	cut = 170876
4374096 [0, 38400]: LP
	bnd = 38400.000000
	its = 1
	hyp = 1573 / 5318
	cut = 170954
4376588 [0, 38400]: LP
	bnd = 38400.000000
	its = 1
	hyp = 1573 / 5318
	cut = 171032
4379056 [0, 38400]: LP
	bnd = 38400.000000
	its = 1
	hyp = 1573 / 5318
	cut = 171110
4381532 [0, 38400]: LP
	bnd = 38400.000000
	its = 1
	hyp = 1573 / 5318
	cut = 171188
4384004 [0, 38400]: LP
	bnd = 38400.000000
	its = 1
	hyp = 1573 / 5318
	cut = 171266
4386483 [0, 38400]: LP
	bnd = 38400.000000
	its = 1
	hyp = 1573 / 5318
	cut = 171344
4388976 [0, 38400]: LP
	bnd = 38400.000000
	its = 1
	hyp = 1573 / 5318
	cut = 171422
4391438 [0, 38400]: LP
	bnd = 38400.000000
	its = 1
	hyp = 1573 / 5318
	cut = 171500
4393912 [0, 38400]: LP
	bnd = 38400.000000
	its = 1
	hyp = 1573 / 5318
	cut = 171578
4396384 [0, 38400]: LP
	bnd = 38400.000000
	its = 1
	hyp = 1573 / 5318
	cut = 171656
4398738 [0, 38400]: LP
	bnd = 38400.000000
	its = 1
	hyp = 1573 / 5318
	cut = 171734
4401075 [0, 38400]: LP
	bnd = 38400.000000
	its = 1
	hyp = 1573 / 5318
	cut = 171812
4403571 [0, 38400]: LP
	bnd = 38400.000000
	its = 1
	hyp = 1573 / 5318
	cut = 171890
4406038 [0, 38400]: LP
	bnd = 38400.000000
	its = 1
	hyp = 1573 / 5318
	cut = 171968
4408459 [0, 38400]: LP
	bnd = 38400.000000
	its = 1
	hyp = 1573 / 5318
	cut = 172046
4410938 [0, 38400]: LP
	bnd = 38400.000000
	its = 1
	hyp = 1573 / 5318
	cut = 172124
4413417 [0, 38400]: LP
	bnd = 38400.000000
	its = 1
	hyp = 1573 / 5318
	cut = 172202
4415895 [0, 38400]: LP
	bnd = 38400.000000
	its = 1
	hyp = 1573 / 5318
	cut = 172280
4418409 [0, 38400]: LP
	bnd = 38400.000000
	its = 1
	hyp = 1573 / 5318
	cut = 172358
4420924 [0, 38400]: LP
	bnd = 38400.000000
	its = 1
	hyp = 1573 / 5318
	cut = 172436
4423444 [0, 38400]: LP
	bnd = 38400.000000
	its = 1
	hyp = 1573 / 5318
	cut = 172514
4425969 [0, 38400]: LP
	bnd = 38400.000000
	its = 1
	hyp = 1573 / 5318
	cut = 172592
4428496 [0, 38400]: LP
	bnd = 38400.000000
	its = 1
	hyp = 1573 / 5318
	cut = 172670
4431031 [0, 38400]: LP
	bnd = 38400.000000
	its = 1
	hyp = 1573 / 5318
	cut = 172748
4433544 [0, 38400]: LP
	bnd = 38400.000000
	its = 1
	hyp = 1573 / 5318
	cut = 172826
4436040 [0, 38400]: LP
	bnd = 38400.000000
	its = 1
	hyp = 1573 / 5318
	cut = 172904
4438569 [0, 38400]: LP
	bnd = 38400.000000
	its = 1
	hyp = 1573 / 5318
	cut = 172982
4441063 [0, 38400]: LP
	bnd = 38400.000000
	its = 1
	hyp = 1573 / 5318
	cut = 173060
4443599 [0, 38400]: LP
	bnd = 38400.000000
	its = 1
	hyp = 1573 / 5318
	cut = 173138
4446066 [0, 38400]: LP
	bnd = 38400.000000
	its = 1
	hyp = 1573 / 5318
	cut = 173216
4448575 [0, 38400]: LP
	bnd = 38400.000000
	its = 1
	hyp = 1573 / 5318
	cut = 173294
4451097 [0, 38400]: LP
	bnd = 38400.000000
	its = 1
	hyp = 1573 / 5318
	cut = 173372
4453613 [0, 38400]: LP
	bnd = 38400.000000
	its = 1
	hyp = 1573 / 5318
	cut = 173450
4456119 [0, 38400]: LP
	bnd = 38400.000000
	its = 1
	hyp = 1573 / 5318
	cut = 173528
4458521 [0, 38400]: LP
	bnd = 38400.000000
	its = 1
	hyp = 1573 / 5318
	cut = 173606
4461035 [0, 38400]: LP
	bnd = 38400.000000
	its = 1
	hyp = 1573 / 5318
	cut = 173684
4463469 [0, 38400]: LP
	bnd = 38400.000000
	its = 1
	hyp = 1573 / 5318
	cut = 173762
4465948 [0, 38400]: LP
	bnd = 38400.000000
	its = 1
	hyp = 1573 / 5318
	cut = 173840
4468398 [0, 38400]: LP
	bnd = 38400.000000
	its = 1
	hyp = 1573 / 5318
	cut = 173918
4470779 [0, 38400]: LP
	bnd = 38400.000000
	its = 1
	hyp = 1573 / 5318
	cut = 173996
4473233 [0, 38400]: LP
	bnd = 38400.000000
	its = 1
	hyp = 1573 / 5318
	cut = 174074
4475714 [0, 38400]: LP
	bnd = 38400.000000
	its = 1
	hyp = 1573 / 5318
	cut = 174152
4478203 [0, 38400]: LP
	bnd = 38400.000000
	its = 1
	hyp = 1573 / 5318
	cut = 174230
4480678 [0, 38400]: LP
	bnd = 38400.000000
	its = 1
	hyp = 1573 / 5318
	cut = 174308
4483179 [0, 38400]: LP
	bnd = 38400.000000
	its = 1
	hyp = 1573 / 5318
	cut = 174386
4485678 [0, 38400]: LP
	bnd = 38400.000000
	its = 1
	hyp = 1573 / 5318
	cut = 174464
4488176 [0, 38400]: LP
	bnd = 38400.000000
	its = 1
	hyp = 1573 / 5318
	cut = 174542
4490677 [0, 38400]: LP
	bnd = 38400.000000
	its = 1
	hyp = 1573 / 5318
	cut = 174620
4493180 [0, 38400]: LP
	bnd = 38400.000000
	its = 1
	hyp = 1573 / 5318
	cut = 174698
4495678 [0, 38400]: LP
	bnd = 38400.000000
	its = 1
	hyp = 1573 / 5318
	cut = 174776
4498190 [0, 38400]: LP
	bnd = 38400.000000
	its = 1
	hyp = 1573 / 5318
	cut = 174854
4500697 [0, 38400]: LP
	bnd = 38400.000000
	its = 1
	hyp = 1573 / 5318
	cut = 174932
4503210 [0, 38400]: LP
	bnd = 38400.000000
	its = 1
	hyp = 1573 / 5318
	cut = 175010
4505700 [0, 38400]: LP
	bnd = 38400.000000
	its = 1
	hyp = 1573 / 5318
	cut = 175088
4508202 [0, 38400]: LP
	bnd = 38400.000000
	its = 1
	hyp = 1573 / 5318
	cut = 175166
4510682 [0, 38400]: LP
	bnd = 38400.000000
	its = 1
	hyp = 1573 / 5318
	cut = 175244
4513174 [0, 38400]: LP
	bnd = 38400.000000
	its = 1
	hyp = 1573 / 5318
	cut = 175322
4515667 [0, 38400]: LP
	bnd = 38400.000000
	its = 1
	hyp = 1573 / 5318
	cut = 175400
4518178 [0, 38400]: LP
	bnd = 38400.000000
	its = 1
	hyp = 1573 / 5318
	cut = 175478
4520676 [0, 38400]: LP
	bnd = 38400.000000
	its = 1
	hyp = 1573 / 5318
	cut = 175556
4523178 [0, 38400]: LP
	bnd = 38400.000000
	its = 1
	hyp = 1573 / 5318
	cut = 175634
4525683 [0, 38400]: LP
	bnd = 38400.000000
	its = 1
	hyp = 1573 / 5318
	cut = 175712
4528196 [0, 38400]: LP
	bnd = 38400.000000
	its = 1
	hyp = 1573 / 5318
	cut = 175790
4530694 [0, 38400]: LP
	bnd = 38400.000000
	its = 1
	hyp = 1573 / 5318
	cut = 175868
4533168 [0, 38400]: LP
	bnd = 38400.000000
	its = 1
	hyp = 1573 / 5318
	cut = 175946
4535664 [0, 38400]: LP
	bnd = 38400.000000
	its = 1
	hyp = 1573 / 5318
	cut = 176024
4538139 [0, 38400]: LP
	bnd = 38400.000000
	its = 1
	hyp = 1573 / 5318
	cut = 176102
4540625 [0, 38400]: LP
	bnd = 38400.000000
	its = 1
	hyp = 1573 / 5318
	cut = 176180
4543124 [0, 38400]: LP
	bnd = 38400.000000
	its = 1
	hyp = 1573 / 5318
	cut = 176258
4545650 [0, 38400]: LP
	bnd = 38400.000000
	its = 1
	hyp = 1573 / 5318
	cut = 176336
4548144 [0, 38400]: LP
	bnd = 38400.000000
	its = 1
	hyp = 1573 / 5318
	cut = 176414
4550553 [0, 38400]: LP
	bnd = 38400.000000
	its = 1
	hyp = 1573 / 5318
	cut = 176492
4553077 [0, 38400]: LP
	bnd = 38400.000000
	its = 1
	hyp = 1573 / 5318
	cut = 176570
4555596 [0, 38400]: LP
	bnd = 38400.000000
	its = 1
	hyp = 1573 / 5318
	cut = 176648
4558067 [0, 38400]: LP
	bnd = 38400.000000
	its = 1
	hyp = 1573 / 5318
	cut = 176726
4560563 [0, 38400]: LP
	bnd = 38400.000000
	its = 1
	hyp = 1573 / 5318
	cut = 176804
4563073 [0, 38400]: LP
	bnd = 38400.000000
	its = 1
	hyp = 1573 / 5318
	cut = 176882
4565596 [0, 38400]: LP
	bnd = 38400.000000
	its = 1
	hyp = 1573 / 5318
	cut = 176960
4568128 [0, 38400]: LP
	bnd = 38400.000000
	its = 1
	hyp = 1573 / 5318
	cut = 177038
4570636 [0, 38400]: LP
	bnd = 38400.000000
	its = 1
	hyp = 1573 / 5318
	cut = 177116
4573177 [0, 38400]: LP
	bnd = 38400.000000
	its = 1
	hyp = 1573 / 5318
	cut = 177194
4575704 [0, 38400]: LP
	bnd = 38400.000000
	its = 1
	hyp = 1573 / 5318
	cut = 177272
4578213 [0, 38400]: LP
	bnd = 38400.000000
	its = 1
	hyp = 1573 / 5318
	cut = 177350
4580722 [0, 38400]: LP
	bnd = 38400.000000
	its = 1
	hyp = 1573 / 5318
	cut = 177428
4583253 [0, 38400]: LP
	bnd = 38400.000000
	its = 1
	hyp = 1573 / 5318
	cut = 177506
4585689 [0, 38400]: LP
	bnd = 38400.000000
	its = 1
	hyp = 1573 / 5318
	cut = 177584
4588220 [0, 38400]: LP
	bnd = 38400.000000
	its = 1
	hyp = 1573 / 5318
	cut = 177662
4590742 [0, 38400]: LP
	bnd = 38400.000000
	its = 1
	hyp = 1573 / 5318
	cut = 177740
4593262 [0, 38400]: LP
	bnd = 38400.000000
	its = 1
	hyp = 1573 / 5318
	cut = 177818
4595788 [0, 38400]: LP
	bnd = 38400.000000
	its = 1
	hyp = 1573 / 5318
	cut = 177896
4598314 [0, 38400]: LP
	bnd = 38400.000000
	its = 1
	hyp = 1573 / 5318
	cut = 177974
4600853 [0, 38400]: LP
	bnd = 38400.000000
	its = 1
	hyp = 1573 / 5318
	cut = 178052
4603450 [0, 38400]: LP
	bnd = 38400.000000
	its = 1
	hyp = 1573 / 5318
	cut = 178130
4605971 [0, 38400]: LP
	bnd = 38400.000000
	its = 1
	hyp = 1573 / 5318
	cut = 178208
4608427 [0, 38400]: LP
	bnd = 38400.000000
	its = 1
	hyp = 1573 / 5318
	cut = 178286
4610978 [0, 38400]: LP
	bnd = 38400.000000
	its = 1
	hyp = 1573 / 5318
	cut = 178364
4613539 [0, 38400]: LP
	bnd = 38400.000000
	its = 1
	hyp = 1573 / 5318
	cut = 178442
4616081 [0, 38400]: LP
	bnd = 38400.000000
	its = 1
	hyp = 1573 / 5318
	cut = 178520
4618574 [0, 38400]: LP
	bnd = 38400.000000
	its = 1
	hyp = 1573 / 5318
	cut = 178598
4621126 [0, 38400]: LP
	bnd = 38400.000000
	its = 1
	hyp = 1573 / 5318
	cut = 178676
4623659 [0, 38400]: LP
	bnd = 38400.000000
	its = 1
	hyp = 1573 / 5318
	cut = 178754
4626173 [0, 38400]: LP
	bnd = 38400.000000
	its = 1
	hyp = 1573 / 5318
	cut = 178832
4628728 [0, 38400]: LP
	bnd = 38400.000000
	its = 1
	hyp = 1573 / 5318
	cut = 178910
4631233 [0, 38400]: LP
	bnd = 38400.000000
	its = 1
	hyp = 1573 / 5318
	cut = 178988
4633774 [0, 38400]: LP
	bnd = 38400.000000
	its = 1
	hyp = 1573 / 5318
	cut = 179066
4636307 [0, 38400]: LP
	bnd = 38400.000000
	its = 1
	hyp = 1573 / 5318
	cut = 179144
4638839 [0, 38400]: LP
	bnd = 38400.000000
	its = 1
	hyp = 1573 / 5318
	cut = 179222
4641399 [0, 38400]: LP
	bnd = 38400.000000
	its = 1
	hyp = 1573 / 5318
	cut = 179300
4643942 [0, 38400]: LP
	bnd = 38400.000000
	its = 1
	hyp = 1573 / 5318
	cut = 179378
4646485 [0, 38400]: LP
	bnd = 38400.000000
	its = 1
	hyp = 1573 / 5318
	cut = 179456
4649024 [0, 38400]: LP
	bnd = 38400.000000
	its = 1
	hyp = 1573 / 5318
	cut = 179534
4651498 [0, 38400]: LP
	bnd = 38400.000000
	its = 1
	hyp = 1573 / 5318
	cut = 179612
4654035 [0, 38400]: LP
	bnd = 38400.000000
	its = 1
	hyp = 1573 / 5318
	cut = 179690
4656569 [0, 38400]: LP
	bnd = 38400.000000
	its = 1
	hyp = 1573 / 5318
	cut = 179768
4659111 [0, 38400]: LP
	bnd = 38400.000000
	its = 1
	hyp = 1573 / 5318
	cut = 179846
4661664 [0, 38400]: LP
	bnd = 38400.000000
	its = 1
	hyp = 1573 / 5318
	cut = 179924
4664224 [0, 38400]: LP
	bnd = 38400.000000
	its = 1
	hyp = 1573 / 5318
	cut = 180002
4666776 [0, 38400]: LP
	bnd = 38400.000000
	its = 1
	hyp = 1573 / 5318
	cut = 180080
4669346 [0, 38400]: LP
	bnd = 38400.000000
	its = 1
	hyp = 1573 / 5318
	cut = 180158
4671899 [0, 38400]: LP
	bnd = 38400.000000
	its = 1
	hyp = 1573 / 5318
	cut = 180236
4674440 [0, 38400]: LP
	bnd = 38400.000000
	its = 1
	hyp = 1573 / 5318
	cut = 180314
4676934 [0, 38400]: LP
	bnd = 38400.000000
	its = 1
	hyp = 1573 / 5318
	cut = 180392
4679488 [0, 38400]: LP
	bnd = 38400.000000
	its = 1
	hyp = 1573 / 5318
	cut = 180470
4682091 [0, 38400]: LP
	bnd = 38400.000000
	its = 1
	hyp = 1573 / 5318
	cut = 180548
4684672 [0, 38400]: LP
	bnd = 38400.000000
	its = 1
	hyp = 1573 / 5318
	cut = 180626
4687224 [0, 38400]: LP
	bnd = 38400.000000
	its = 1
	hyp = 1573 / 5318
	cut = 180704
4689784 [0, 38400]: LP
	bnd = 38400.000000
	its = 1
	hyp = 1573 / 5318
	cut = 180782
4692335 [0, 38400]: LP
	bnd = 38400.000000
	its = 1
	hyp = 1573 / 5318
	cut = 180860
4694878 [0, 38400]: LP
	bnd = 38400.000000
	its = 1
	hyp = 1573 / 5318
	cut = 180938
4697324 [0, 38400]: LP
	bnd = 38400.000000
	its = 1
	hyp = 1573 / 5318
	cut = 181016
4699879 [0, 38400]: LP
	bnd = 38400.000000
	its = 1
	hyp = 1573 / 5318
	cut = 181094
4702433 [0, 38400]: LP
	bnd = 38400.000000
	its = 1
	hyp = 1573 / 5318
	cut = 181172
4704975 [0, 38400]: LP
	bnd = 38400.000000
	its = 1
	hyp = 1573 / 5318
	cut = 181250
4707521 [0, 38400]: LP
	bnd = 38400.000000
	its = 1
	hyp = 1573 / 5318
	cut = 181328
4710084 [0, 38400]: LP
	bnd = 38400.000000
	its = 1
	hyp = 1573 / 5318
	cut = 181406
4712630 [0, 38400]: LP
	bnd = 38400.000000
	its = 1
	hyp = 1573 / 5318
	cut = 181484
4715178 [0, 38400]: LP
	bnd = 38400.000000
	its = 1
	hyp = 1573 / 5318
	cut = 181562
4717747 [0, 38400]: LP
	bnd = 38400.000000
	its = 1
	hyp = 1573 / 5318
	cut = 181640
4720316 [0, 38400]: LP
	bnd = 38400.000000
	its = 1
	hyp = 1573 / 5318
	cut = 181718
4722865 [0, 38400]: LP
	bnd = 38400.000000
	its = 1
	hyp = 1573 / 5318
	cut = 181796
4725425 [0, 38400]: LP
	bnd = 38400.000000
	its = 1
	hyp = 1573 / 5318
	cut = 181874
4727988 [0, 38400]: LP
	bnd = 38400.000000
	its = 1
	hyp = 1573 / 5318
	cut = 181952
4730551 [0, 38400]: LP
	bnd = 38400.000000
	its = 1
	hyp = 1573 / 5318
	cut = 182030
4733110 [0, 38400]: LP
	bnd = 38400.000000
	its = 1
	hyp = 1573 / 5318
	cut = 182108
4735682 [0, 38400]: LP
	bnd = 38400.000000
	its = 1
	hyp = 1573 / 5318
	cut = 182186
4738252 [0, 38400]: LP
	bnd = 38400.000000
	its = 1
	hyp = 1573 / 5318
	cut = 182264
4740813 [0, 38400]: LP
	bnd = 38400.000000
	its = 1
	hyp = 1573 / 5318
	cut = 182342
4743409 [0, 38400]: LP
	bnd = 38400.000000
	its = 1
	hyp = 1573 / 5318
	cut = 182420
4745962 [0, 38400]: LP
	bnd = 38400.000000
	its = 1
	hyp = 1573 / 5318
	cut = 182498
4748514 [0, 38400]: LP
	bnd = 38400.000000
	its = 1
	hyp = 1573 / 5318
	cut = 182576
4751075 [0, 38400]: LP
	bnd = 38400.000000
	its = 1
	hyp = 1573 / 5318
	cut = 182654
4753614 [0, 38400]: LP
	bnd = 38400.000000
	its = 1
	hyp = 1573 / 5318
	cut = 182732
4756168 [0, 38400]: LP
	bnd = 38400.000000
	its = 1
	hyp = 1573 / 5318
	cut = 182810
4758750 [0, 38400]: LP
	bnd = 38400.000000
	its = 1
	hyp = 1573 / 5318
	cut = 182888
4761243 [0, 38400]: LP
	bnd = 38400.000000
	its = 1
	hyp = 1573 / 5318
	cut = 182966
4763816 [0, 38400]: LP
	bnd = 38400.000000
	its = 1
	hyp = 1573 / 5318
	cut = 183044
4766389 [0, 38400]: LP
	bnd = 38400.000000
	its = 1
	hyp = 1573 / 5318
	cut = 183122
4768965 [0, 38400]: LP
	bnd = 38400.000000
	its = 1
	hyp = 1573 / 5318
	cut = 183200
4771575 [0, 38400]: LP
	bnd = 38400.000000
	its = 1
	hyp = 1573 / 5318
	cut = 183278
4774144 [0, 38400]: LP
	bnd = 38400.000000
	its = 1
	hyp = 1573 / 5318
	cut = 183356
4776727 [0, 38400]: LP
	bnd = 38400.000000
	its = 1
	hyp = 1573 / 5318
	cut = 183434
4779316 [0, 38400]: LP
	bnd = 38400.000000
	its = 1
	hyp = 1573 / 5318
	cut = 183512
4781903 [0, 38400]: LP
	bnd = 38400.000000
	its = 1
	hyp = 1573 / 5318
	cut = 183590
4784472 [0, 38400]: LP
	bnd = 38400.000000
	its = 1
	hyp = 1573 / 5318
	cut = 183668
4787054 [0, 38400]: LP
	bnd = 38400.000000
	its = 1
	hyp = 1573 / 5318
	cut = 183746
4789611 [0, 38400]: LP
	bnd = 38400.000000
	its = 1
	hyp = 1573 / 5318
	cut = 183824
4792172 [0, 38400]: LP
	bnd = 38400.000000
	its = 1
	hyp = 1573 / 5318
	cut = 183902
4794758 [0, 38400]: LP
	bnd = 38400.000000
	its = 1
	hyp = 1573 / 5318
	cut = 183980
4797331 [0, 38400]: LP
	bnd = 38400.000000
	its = 1
	hyp = 1573 / 5318
	cut = 184058
4799907 [0, 38400]: LP
	bnd = 38400.000000
	its = 1
	hyp = 1573 / 5318
	cut = 184136
4802478 [0, 38400]: LP
	bnd = 38400.000000
	its = 1
	hyp = 1573 / 5318
	cut = 184214
4805065 [0, 38400]: LP
	bnd = 38400.000000
	its = 1
	hyp = 1573 / 5318
	cut = 184292
4807638 [0, 38400]: LP
	bnd = 38400.000000
	its = 1
	hyp = 1573 / 5318
	cut = 184370
4810196 [0, 38400]: LP
	bnd = 38400.000000
	its = 1
	hyp = 1573 / 5318
	cut = 184448
4812788 [0, 38400]: LP
	bnd = 38400.000000
	its = 1
	hyp = 1573 / 5318
	cut = 184526
4815371 [0, 38400]: LP
	bnd = 38400.000000
	its = 1
	hyp = 1573 / 5318
	cut = 184604
4817925 [0, 38400]: LP
	bnd = 38400.000000
	its = 1
	hyp = 1573 / 5318
	cut = 184682
4820507 [0, 38400]: LP
	bnd = 38400.000000
	its = 1
	hyp = 1573 / 5318
	cut = 184760
4823047 [0, 38400]: LP
	bnd = 38400.000000
	its = 1
	hyp = 1573 / 5318
	cut = 184838
4825627 [0, 38400]: LP
	bnd = 38400.000000
	its = 1
	hyp = 1573 / 5318
	cut = 184916
4828216 [0, 38400]: LP
	bnd = 38400.000000
	its = 1
	hyp = 1573 / 5318
	cut = 184994
4830808 [0, 38400]: LP
	bnd = 38400.000000
	its = 1
	hyp = 1573 / 5318
	cut = 185072
4833386 [0, 38400]: LP
	bnd = 38400.000000
	its = 1
	hyp = 1573 / 5318
	cut = 185150
4835965 [0, 38400]: LP
	bnd = 38400.000000
	its = 1
	hyp = 1573 / 5318
	cut = 185228
4838544 [0, 38400]: LP
	bnd = 38400.000000
	its = 1
	hyp = 1573 / 5318
	cut = 185306
4841178 [0, 38400]: LP
	bnd = 38400.000000
	its = 1
	hyp = 1573 / 5318
	cut = 185384
4843895 [0, 38400]: LP
	bnd = 38400.000000
	its = 1
	hyp = 1573 / 5318
	cut = 185462
4846493 [0, 38400]: LP
	bnd = 38400.000000
	its = 1
	hyp = 1573 / 5318
	cut = 185540
4849101 [0, 38400]: LP
	bnd = 38400.000000
	its = 1
	hyp = 1573 / 5318
	cut = 185618
4851696 [0, 38400]: LP
	bnd = 38400.000000
	its = 1
	hyp = 1573 / 5318
	cut = 185696
4854287 [0, 38400]: LP
	bnd = 38400.000000
	its = 1
	hyp = 1573 / 5318
	cut = 185774
4856905 [0, 38400]: LP
	bnd = 38400.000000
	its = 1
	hyp = 1573 / 5318
	cut = 185852
4859498 [0, 38400]: LP
	bnd = 38400.000000
	its = 1
	hyp = 1573 / 5318
	cut = 185930
4862093 [0, 38400]: LP
	bnd = 38400.000000
	its = 1
	hyp = 1573 / 5318
	cut = 186008
4864688 [0, 38400]: LP
	bnd = 38400.000000
	its = 1
	hyp = 1573 / 5318
	cut = 186086
4867289 [0, 38400]: LP
	bnd = 38400.000000
	its = 1
	hyp = 1573 / 5318
	cut = 186164
4869870 [0, 38400]: LP
	bnd = 38400.000000
	its = 1
	hyp = 1573 / 5318
	cut = 186242
4872466 [0, 38400]: LP
	bnd = 38400.000000
	its = 1
	hyp = 1573 / 5318
	cut = 186320
4875024 [0, 38400]: LP
	bnd = 38400.000000
	its = 1
	hyp = 1573 / 5318
	cut = 186398
4877617 [0, 38400]: LP
	bnd = 38400.000000
	its = 1
	hyp = 1573 / 5318
	cut = 186476
4880222 [0, 38400]: LP
	bnd = 38400.000000
	its = 1
	hyp = 1573 / 5318
	cut = 186554
4882809 [0, 38400]: LP
	bnd = 38400.000000
	its = 1
	hyp = 1573 / 5318
	cut = 186632
4885405 [0, 38400]: LP
	bnd = 38400.000000
	its = 1
	hyp = 1573 / 5318
	cut = 186710
4888001 [0, 38400]: LP
	bnd = 38400.000000
	its = 1
	hyp = 1573 / 5318
	cut = 186788
4890604 [0, 38400]: LP
	bnd = 38400.000000
	its = 1
	hyp = 1573 / 5318
	cut = 186866
4893207 [0, 38400]: LP
	bnd = 38400.000000
	its = 1
	hyp = 1573 / 5318
	cut = 186944
4895799 [0, 38400]: LP
	bnd = 38400.000000
	its = 1
	hyp = 1573 / 5318
	cut = 187022
4898383 [0, 38400]: LP
	bnd = 38400.000000
	its = 1
	hyp = 1573 / 5318
	cut = 187100
4900877 [0, 38400]: LP
	bnd = 38400.000000
	its = 1
	hyp = 1573 / 5318
	cut = 187178
4903500 [0, 38400]: LP
	bnd = 38400.000000
	its = 1
	hyp = 1573 / 5318
	cut = 187256
4906108 [0, 38400]: LP
	bnd = 38400.000000
	its = 1
	hyp = 1573 / 5318
	cut = 187334
4908710 [0, 38400]: LP
	bnd = 38400.000000
	its = 1
	hyp = 1573 / 5318
	cut = 187412
4911314 [0, 38400]: LP
	bnd = 38400.000000
	its = 1
	hyp = 1573 / 5318
	cut = 187490
4913925 [0, 38400]: LP
	bnd = 38400.000000
	its = 1
	hyp = 1573 / 5318
	cut = 187568
4916533 [0, 38400]: LP
	bnd = 38400.000000
	its = 1
	hyp = 1573 / 5318
	cut = 187646
4919145 [0, 38400]: LP
	bnd = 38400.000000
	its = 1
	hyp = 1573 / 5318
	cut = 187724
4921755 [0, 38400]: LP
	bnd = 38400.000000
	its = 1
	hyp = 1573 / 5318
	cut = 187802
4924358 [0, 38400]: LP
	bnd = 38400.000000
	its = 1
	hyp = 1573 / 5318
	cut = 187880
4926957 [0, 38400]: LP
	bnd = 38400.000000
	its = 1
	hyp = 1573 / 5318
	cut = 187958
4929570 [0, 38400]: LP
	bnd = 38400.000000
	its = 1
	hyp = 1573 / 5318
	cut = 188036
4932163 [0, 38400]: LP
	bnd = 38400.000000
	its = 1
	hyp = 1573 / 5318
	cut = 188114
4934761 [0, 38400]: LP
	bnd = 38400.000000
	its = 1
	hyp = 1573 / 5318
	cut = 188192
4937234 [0, 38400]: LP
	bnd = 38400.000000
	its = 1
	hyp = 1573 / 5318
	cut = 188270
4939702 [0, 38400]: LP
	bnd = 38400.000000
	its = 1
	hyp = 1573 / 5318
	cut = 188348
4942309 [0, 38400]: LP
	bnd = 38400.000000
	its = 1
	hyp = 1573 / 5318
	cut = 188426
4944812 [0, 38400]: LP
	bnd = 38400.000000
	its = 1
	hyp = 1573 / 5318
	cut = 188504
4947285 [0, 38400]: LP
	bnd = 38400.000000
	its = 1
	hyp = 1573 / 5318
	cut = 188582
4949765 [0, 38400]: LP
	bnd = 38400.000000
	its = 1
	hyp = 1573 / 5318
	cut = 188660
4952254 [0, 38400]: LP
	bnd = 38400.000000
	its = 1
	hyp = 1573 / 5318
	cut = 188738
4954747 [0, 38400]: LP
	bnd = 38400.000000
	its = 1
	hyp = 1573 / 5318
	cut = 188816
4957219 [0, 38400]: LP
	bnd = 38400.000000
	its = 1
	hyp = 1573 / 5318
	cut = 188894
4959713 [0, 38400]: LP
	bnd = 38400.000000
	its = 1
	hyp = 1573 / 5318
	cut = 188972
4962184 [0, 38400]: LP
	bnd = 38400.000000
	its = 1
	hyp = 1573 / 5318
	cut = 189050
4964657 [0, 38400]: LP
	bnd = 38400.000000
	its = 1
	hyp = 1573 / 5318
	cut = 189128
4967142 [0, 38400]: LP
	bnd = 38400.000000
	its = 1
	hyp = 1573 / 5318
	cut = 189206
4969629 [0, 38400]: LP
	bnd = 38400.000000
	its = 1
	hyp = 1573 / 5318
	cut = 189284
4972118 [0, 38400]: LP
	bnd = 38400.000000
	its = 1
	hyp = 1573 / 5318
	cut = 189362
4974606 [0, 38400]: LP
	bnd = 38400.000000
	its = 1
	hyp = 1573 / 5318
	cut = 189440
4977094 [0, 38400]: LP
	bnd = 38400.000000
	its = 1
	hyp = 1573 / 5318
	cut = 189518
4979584 [0, 38400]: LP
	bnd = 38400.000000
	its = 1
	hyp = 1573 / 5318
	cut = 189596
4982081 [0, 38400]: LP
	bnd = 38400.000000
	its = 1
	hyp = 1573 / 5318
	cut = 189674
4984574 [0, 38400]: LP
	bnd = 38400.000000
	its = 1
	hyp = 1573 / 5318
	cut = 189752
4987073 [0, 38400]: LP
	bnd = 38400.000000
	its = 1
	hyp = 1573 / 5318
	cut = 189830
4989708 [0, 38400]: LP
	bnd = 38400.000000
	its = 1
	hyp = 1573 / 5318
	cut = 189908
4992338 [0, 38400]: LP
	bnd = 38400.000000
	its = 1
	hyp = 1573 / 5318
	cut = 189986
4994940 [0, 38400]: LP
	bnd = 38400.000000
	its = 1
	hyp = 1573 / 5318
	cut = 190064
4997419 [0, 38400]: LP
	bnd = 38400.000000
	its = 1
	hyp = 1573 / 5318
	cut = 190142
4999911 [0, 38400]: LP
	bnd = 38400.000000
	its = 1
	hyp = 1573 / 5318
	cut = 190220
5002398 [0, 38400]: LP
	bnd = 38400.000000
	its = 1
	hyp = 1573 / 5318
	cut = 190298
5004900 [0, 38400]: LP
	bnd = 38400.000000
	its = 1
	hyp = 1573 / 5318
	cut = 190376
5007403 [0, 38400]: LP
	bnd = 38400.000000
	its = 1
	hyp = 1573 / 5318
	cut = 190454
5009891 [0, 38400]: LP
	bnd = 38400.000000
	its = 1
	hyp = 1573 / 5318
	cut = 190532
5012392 [0, 38400]: LP
	bnd = 38400.000000
	its = 1
	hyp = 1573 / 5318
	cut = 190610
5014889 [0, 38400]: LP
	bnd = 38400.000000
	its = 1
	hyp = 1573 / 5318
	cut = 190688
5017393 [0, 38400]: LP
	bnd = 38400.000000
	its = 1
	hyp = 1573 / 5318
	cut = 190766
5019927 [0, 38400]: LP
	bnd = 38400.000000
	its = 1
	hyp = 1573 / 5318
	cut = 190844
5022423 [0, 38400]: LP
	bnd = 38400.000000
	its = 1
	hyp = 1573 / 5318
	cut = 190922
5024923 [0, 38400]: LP
	bnd = 38400.000000
	its = 1
	hyp = 1573 / 5318
	cut = 191000
5027406 [0, 38400]: LP
	bnd = 38400.000000
	its = 1
	hyp = 1573 / 5318
	cut = 191078
5029910 [0, 38400]: LP
	bnd = 38400.000000
	its = 1
	hyp = 1573 / 5318
	cut = 191156
5032403 [0, 38400]: LP
	bnd = 38400.000000
	its = 1
	hyp = 1573 / 5318
	cut = 191234
5034887 [0, 38400]: LP
	bnd = 38400.000000
	its = 1
	hyp = 1573 / 5318
	cut = 191312
5037379 [0, 38400]: LP
	bnd = 38400.000000
	its = 1
	hyp = 1573 / 5318
	cut = 191390
5039896 [0, 38400]: LP
	bnd = 38400.000000
	its = 1
	hyp = 1573 / 5318
	cut = 191468
5042379 [0, 38400]: LP
	bnd = 38400.000000
	its = 1
	hyp = 1573 / 5318
	cut = 191546
5044853 [0, 38400]: LP
	bnd = 38400.000000
	its = 1
	hyp = 1573 / 5318
	cut = 191624
5047371 [0, 38400]: LP
	bnd = 38400.000000
	its = 1
	hyp = 1573 / 5318
	cut = 191702
5049870 [0, 38400]: LP
	bnd = 38400.000000
	its = 1
	hyp = 1573 / 5318
	cut = 191780
5052372 [0, 38400]: LP
	bnd = 38400.000000
	its = 1
	hyp = 1573 / 5318
	cut = 191858
5054880 [0, 38400]: LP
	bnd = 38400.000000
	its = 1
	hyp = 1573 / 5318
	cut = 191936
5057382 [0, 38400]: LP
	bnd = 38400.000000
	its = 1
	hyp = 1573 / 5318
	cut = 192014
5059916 [0, 38400]: LP
	bnd = 38400.000000
	its = 1
	hyp = 1573 / 5318
	cut = 192092
5062433 [0, 38400]: LP
	bnd = 38400.000000
	its = 1
	hyp = 1573 / 5318
	cut = 192170
5064955 [0, 38400]: LP
	bnd = 38400.000000
	its = 1
	hyp = 1573 / 5318
	cut = 192248
5067466 [0, 38400]: LP
	bnd = 38400.000000
	its = 1
	hyp = 1573 / 5318
	cut = 192326
5069983 [0, 38400]: LP
	bnd = 38400.000000
	its = 1
	hyp = 1573 / 5318
	cut = 192404
5072486 [0, 38400]: LP
	bnd = 38400.000000
	its = 1
	hyp = 1573 / 5318
	cut = 192482
5075019 [0, 38400]: LP
	bnd = 38400.000000
	its = 1
	hyp = 1573 / 5318
	cut = 192560
5077541 [0, 38400]: LP
	bnd = 38400.000000
	its = 1
	hyp = 1573 / 5318
	cut = 192638
5080002 [0, 38400]: LP
	bnd = 38400.000000
	its = 1
	hyp = 1573 / 5318
	cut = 192716
5082519 [0, 38400]: LP
	bnd = 38400.000000
	its = 1
	hyp = 1573 / 5318
	cut = 192794
5085031 [0, 38400]: LP
	bnd = 38400.000000
	its = 1
	hyp = 1573 / 5318
	cut = 192872
5087545 [0, 38400]: LP
	bnd = 38400.000000
	its = 1
	hyp = 1573 / 5318
	cut = 192950
5090067 [0, 38400]: LP
	bnd = 38400.000000
	its = 1
	hyp = 1573 / 5318
	cut = 193028
5092610 [0, 38400]: LP
	bnd = 38400.000000
	its = 1
	hyp = 1573 / 5318
	cut = 193106
5095124 [0, 38400]: LP
	bnd = 38400.000000
	its = 1
	hyp = 1573 / 5318
	cut = 193184
5097642 [0, 38400]: LP
	bnd = 38400.000000
	its = 1
	hyp = 1573 / 5318
	cut = 193262
5100286 [0, 38400]: LP
	bnd = 38400.000000
	its = 1
	hyp = 1573 / 5318
	cut = 193340
5102934 [0, 38400]: LP
	bnd = 38400.000000
	its = 1
	hyp = 1573 / 5318
	cut = 193418
5105556 [0, 38400]: LP
	bnd = 38400.000000
	its = 1
	hyp = 1573 / 5318
	cut = 193496
5108077 [0, 38400]: LP
	bnd = 38400.000000
	its = 1
	hyp = 1573 / 5318
	cut = 193574
5110602 [0, 38400]: LP
	bnd = 38400.000000
	its = 1
	hyp = 1573 / 5318
	cut = 193652
5113134 [0, 38400]: LP
	bnd = 38400.000000
	its = 1
	hyp = 1573 / 5318
	cut = 193730
5115671 [0, 38400]: LP
	bnd = 38400.000000
	its = 1
	hyp = 1573 / 5318
	cut = 193808
5118200 [0, 38400]: LP
	bnd = 38400.000000
	its = 1
	hyp = 1573 / 5318
	cut = 193886
5120734 [0, 38400]: LP
	bnd = 38400.000000
	its = 1
	hyp = 1573 / 5318
	cut = 193964
5123266 [0, 38400]: LP
	bnd = 38400.000000
	its = 1
	hyp = 1573 / 5318
	cut = 194042
5125824 [0, 38400]: LP
	bnd = 38400.000000
	its = 1
	hyp = 1573 / 5318
	cut = 194120
5128377 [0, 38400]: LP
	bnd = 38400.000000
	its = 1
	hyp = 1573 / 5318
	cut = 194198
5130944 [0, 38400]: LP
	bnd = 38400.000000
	its = 1
	hyp = 1573 / 5318
	cut = 194276
5133496 [0, 38400]: LP
	bnd = 38400.000000
	its = 1
	hyp = 1573 / 5318
	cut = 194354
5136058 [0, 38400]: LP
	bnd = 38400.000000
	its = 1
	hyp = 1573 / 5318
	cut = 194432
5138634 [0, 38400]: LP
	bnd = 38400.000000
	its = 1
	hyp = 1573 / 5318
	cut = 194510
5141192 [0, 38400]: LP
	bnd = 38400.000000
	its = 1
	hyp = 1573 / 5318
	cut = 194588
5143766 [0, 38400]: LP
	bnd = 38400.000000
	its = 1
	hyp = 1573 / 5318
	cut = 194666
5146306 [0, 38400]: LP
	bnd = 38400.000000
	its = 1
	hyp = 1573 / 5318
	cut = 194744
5148865 [0, 38400]: LP
	bnd = 38400.000000
	its = 1
	hyp = 1573 / 5318
	cut = 194822
5151418 [0, 38400]: LP
	bnd = 38400.000000
	its = 1
	hyp = 1573 / 5318
	cut = 194900
5153969 [0, 38400]: LP
	bnd = 38400.000000
	its = 1
	hyp = 1573 / 5318
	cut = 194978
5156500 [0, 38400]: LP
	bnd = 38400.000000
	its = 1
	hyp = 1573 / 5318
	cut = 195056
5159045 [0, 38400]: LP
	bnd = 38400.000000
	its = 1
	hyp = 1573 / 5318
	cut = 195134
5161577 [0, 38400]: LP
	bnd = 38400.000000
	its = 1
	hyp = 1573 / 5318
	cut = 195212
5164129 [0, 38400]: LP
	bnd = 38400.000000
	its = 1
	hyp = 1573 / 5318
	cut = 195290
5166680 [0, 38400]: LP
	bnd = 38400.000000
	its = 1
	hyp = 1573 / 5318
	cut = 195368
5169229 [0, 38400]: LP
	bnd = 38400.000000
	its = 1
	hyp = 1573 / 5318
	cut = 195446
5171774 [0, 38400]: LP
	bnd = 38400.000000
	its = 1
	hyp = 1573 / 5318
	cut = 195524
5174411 [0, 38400]: LP
	bnd = 38400.000000
	its = 1
	hyp = 1573 / 5318
	cut = 195602
5176965 [0, 38400]: LP
	bnd = 38400.000000
	its = 1
	hyp = 1573 / 5318
	cut = 195680
5179514 [0, 38400]: LP
	bnd = 38400.000000
	its = 1
	hyp = 1573 / 5318
	cut = 195758
5182046 [0, 38400]: LP
	bnd = 38400.000000
	its = 1
	hyp = 1573 / 5318
	cut = 195836
5184602 [0, 38400]: LP
	bnd = 38400.000000
	its = 1
	hyp = 1573 / 5318
	cut = 195914
5187142 [0, 38400]: LP
	bnd = 38400.000000
	its = 1
	hyp = 1573 / 5318
	cut = 195992
5189655 [0, 38400]: LP
	bnd = 38400.000000
	its = 1
	hyp = 1573 / 5318
	cut = 196070
5192201 [0, 38400]: LP
	bnd = 38400.000000
	its = 1
	hyp = 1573 / 5318
	cut = 196148
5194737 [0, 38400]: LP
	bnd = 38400.000000
	its = 1
	hyp = 1573 / 5318
	cut = 196226
5197290 [0, 38400]: LP
	bnd = 38400.000000
	its = 1
	hyp = 1573 / 5318
	cut = 196304
5199836 [0, 38400]: LP
	bnd = 38400.000000
	its = 1
	hyp = 1573 / 5318
	cut = 196382
5202374 [0, 38400]: LP
	bnd = 38400.000000
	its = 1
	hyp = 1573 / 5318
	cut = 196460
5204919 [0, 38400]: LP
	bnd = 38400.000000
	its = 1
	hyp = 1573 / 5318
	cut = 196538
5207438 [0, 38400]: LP
	bnd = 38400.000000
	its = 1
	hyp = 1573 / 5318
	cut = 196616
5209980 [0, 38400]: LP
	bnd = 38400.000000
	its = 1
	hyp = 1573 / 5318
	cut = 196694
5212653 [0, 38400]: LP
	bnd = 38400.000000
	its = 1
	hyp = 1573 / 5318
	cut = 196772
5215352 [0, 38400]: LP
	bnd = 38400.000000
	its = 1
	hyp = 1573 / 5318
	cut = 196850
5218029 [0, 38400]: LP
	bnd = 38400.000000
	its = 1
	hyp = 1573 / 5318
	cut = 196928
5220571 [0, 38400]: LP
	bnd = 38400.000000
	its = 1
	hyp = 1573 / 5318
	cut = 197006
5223134 [0, 38400]: LP
	bnd = 38400.000000
	its = 1
	hyp = 1573 / 5318
	cut = 197084
5225657 [0, 38400]: LP
	bnd = 38400.000000
	its = 1
	hyp = 1573 / 5318
	cut = 197162
5228191 [0, 38400]: LP
	bnd = 38400.000000
	its = 1
	hyp = 1573 / 5318
	cut = 197240
5230674 [0, 38400]: LP
	bnd = 38400.000000
	its = 1
	hyp = 1573 / 5318
	cut = 197318
5233239 [0, 38400]: LP
	bnd = 38400.000000
	its = 1
	hyp = 1573 / 5318
	cut = 197396
5235797 [0, 38400]: LP
	bnd = 38400.000000
	its = 1
	hyp = 1573 / 5318
	cut = 197474
5238347 [0, 38400]: LP
	bnd = 38400.000000
	its = 1
	hyp = 1573 / 5318
	cut = 197552
5240897 [0, 38400]: LP
	bnd = 38400.000000
	its = 1
	hyp = 1573 / 5318
	cut = 197630
5243446 [0, 38400]: LP
	bnd = 38400.000000
	its = 1
	hyp = 1573 / 5318
	cut = 197708
5246000 [0, 38400]: LP
	bnd = 38400.000000
	its = 1
	hyp = 1573 / 5318
	cut = 197786
5248561 [0, 38400]: LP
	bnd = 38400.000000
	its = 1
	hyp = 1573 / 5318
	cut = 197864
5251124 [0, 38400]: LP
	bnd = 38400.000000
	its = 1
	hyp = 1573 / 5318
	cut = 197942
5253698 [0, 38400]: LP
	bnd = 38400.000000
	its = 1
	hyp = 1573 / 5318
	cut = 198020
5256284 [0, 38400]: LP
	bnd = 38400.000000
	its = 1
	hyp = 1573 / 5318
	cut = 198098
5258847 [0, 38400]: LP
	bnd = 38400.000000
	its = 1
	hyp = 1573 / 5318
	cut = 198176
5261406 [0, 38400]: LP
	bnd = 38400.000000
	its = 1
	hyp = 1573 / 5318
	cut = 198254
5263964 [0, 38400]: LP
	bnd = 38400.000000
	its = 1
	hyp = 1573 / 5318
	cut = 198332
5266532 [0, 38400]: LP
	bnd = 38400.000000
	its = 1
	hyp = 1573 / 5318
	cut = 198410
5269093 [0, 38400]: LP
	bnd = 38400.000000
	its = 1
	hyp = 1573 / 5318
	cut = 198488
5271683 [0, 38400]: LP
	bnd = 38400.000000
	its = 1
	hyp = 1573 / 5318
	cut = 198566
5274204 [0, 38400]: LP
	bnd = 38400.000000
	its = 1
	hyp = 1573 / 5318
	cut = 198644
5276720 [0, 38400]: LP
	bnd = 38400.000000
	its = 1
	hyp = 1573 / 5318
	cut = 198722
5279246 [0, 38400]: LP
	bnd = 38400.000000
	its = 1
	hyp = 1573 / 5318
	cut = 198800
5281775 [0, 38400]: LP
	bnd = 38400.000000
	its = 1
	hyp = 1573 / 5318
	cut = 198878
5284302 [0, 38400]: LP
	bnd = 38400.000000
	its = 1
	hyp = 1573 / 5318
	cut = 198956
5286841 [0, 38400]: LP
	bnd = 38400.000000
	its = 1
	hyp = 1573 / 5318
	cut = 199034
5289380 [0, 38400]: LP
	bnd = 38400.000000
	its = 1
	hyp = 1573 / 5318
	cut = 199112
5291926 [0, 38400]: LP
	bnd = 38400.000000
	its = 1
	hyp = 1573 / 5318
	cut = 199190
5294457 [0, 38400]: LP
	bnd = 38400.000000
	its = 1
	hyp = 1573 / 5318
	cut = 199268
5296985 [0, 38400]: LP
	bnd = 38400.000000
	its = 1
	hyp = 1573 / 5318
	cut = 199346
5299526 [0, 38400]: LP
	bnd = 38400.000000
	its = 1
	hyp = 1573 / 5318
	cut = 199424
5302065 [0, 38400]: LP
	bnd = 38400.000000
	its = 1
	hyp = 1573 / 5318
	cut = 199502
5304602 [0, 38400]: LP
	bnd = 38400.000000
	its = 1
	hyp = 1573 / 5318
	cut = 199580
5307146 [0, 38400]: LP
	bnd = 38400.000000
	its = 1
	hyp = 1573 / 5318
	cut = 199658
5309687 [0, 38400]: LP
	bnd = 38400.000000
	its = 1
	hyp = 1573 / 5318
	cut = 199736
5312233 [0, 38400]: LP
	bnd = 38400.000000
	its = 1
	hyp = 1573 / 5318
	cut = 199814
5314798 [0, 38400]: LP
	bnd = 38400.000000
	its = 1
	hyp = 1573 / 5318
	cut = 199892
5317329 [0, 38400]: LP
	bnd = 38400.000000
	its = 1
	hyp = 1573 / 5318
	cut = 199970
5319892 [0, 38400]: LP
	bnd = 38400.000000
	its = 1
	hyp = 1573 / 5318
	cut = 200048
5322421 [0, 38400]: LP
	bnd = 38400.000000
	its = 1
	hyp = 1573 / 5318
	cut = 200126
5324961 [0, 38400]: LP
	bnd = 38400.000000
	its = 1
	hyp = 1573 / 5318
	cut = 200204
5327632 [0, 38400]: LP
	bnd = 38400.000000
	its = 1
	hyp = 1573 / 5318
	cut = 200282
5330302 [0, 38400]: LP
	bnd = 38400.000000
	its = 1
	hyp = 1573 / 5318
	cut = 200360
5332984 [0, 38400]: LP
	bnd = 38400.000000
	its = 1
	hyp = 1573 / 5318
	cut = 200438
5335519 [0, 38400]: LP
	bnd = 38400.000000
	its = 1
	hyp = 1573 / 5318
	cut = 200516
5338067 [0, 38400]: LP
	bnd = 38400.000000
	its = 1
	hyp = 1573 / 5318
	cut = 200594
5340617 [0, 38400]: LP
	bnd = 38400.000000
	its = 1
	hyp = 1573 / 5318
	cut = 200672
5343163 [0, 38400]: LP
	bnd = 38400.000000
	its = 1
	hyp = 1573 / 5318
	cut = 200750
5345725 [0, 38400]: LP
	bnd = 38400.000000
	its = 1
	hyp = 1573 / 5318
	cut = 200828
5348280 [0, 38400]: LP
	bnd = 38400.000000
	its = 1
	hyp = 1573 / 5318
	cut = 200906
5350823 [0, 38400]: LP
	bnd = 38400.000000
	its = 1
	hyp = 1573 / 5318
	cut = 200984
5353348 [0, 38400]: LP
	bnd = 38400.000000
	its = 1
	hyp = 1573 / 5318
	cut = 201062
5355881 [0, 38400]: LP
	bnd = 38400.000000
	its = 1
	hyp = 1573 / 5318
	cut = 201140
5358419 [0, 38400]: LP
	bnd = 38400.000000
	its = 1
	hyp = 1573 / 5318
	cut = 201218
5360963 [0, 38400]: LP
	bnd = 38400.000000
	its = 1
	hyp = 1573 / 5318
	cut = 201296
5363522 [0, 38400]: LP
	bnd = 38400.000000
	its = 1
	hyp = 1573 / 5318
	cut = 201374
5366102 [0, 38400]: LP
	bnd = 38400.000000
	its = 1
	hyp = 1573 / 5318
	cut = 201452
5368654 [0, 38400]: LP
	bnd = 38400.000000
	its = 1
	hyp = 1573 / 5318
	cut = 201530
5371204 [0, 38400]: LP
	bnd = 38400.000000
	its = 1
	hyp = 1573 / 5318
	cut = 201608
5373783 [0, 38400]: LP
	bnd = 38400.000000
	its = 1
	hyp = 1573 / 5318
	cut = 201686
5376359 [0, 38400]: LP
	bnd = 38400.000000
	its = 1
	hyp = 1573 / 5318
	cut = 201764
5379172 [0, 38400]: LP
	bnd = 38400.000000
	its = 1
	hyp = 1573 / 5318
	cut = 201842
5381744 [0, 38400]: LP
	bnd = 38400.000000
	its = 1
	hyp = 1573 / 5318
	cut = 201920
5384352 [0, 38400]: LP
	bnd = 38400.000000
	its = 1
	hyp = 1573 / 5318
	cut = 201998
5387042 [0, 38400]: LP
	bnd = 38400.000000
	its = 1
	hyp = 1573 / 5318
	cut = 202076
5389599 [0, 38400]: LP
	bnd = 38400.000000
	its = 1
	hyp = 1573 / 5318
	cut = 202154
5392157 [0, 38400]: LP
	bnd = 38400.000000
	its = 1
	hyp = 1573 / 5318
	cut = 202232
5394703 [0, 38400]: LP
	bnd = 38400.000000
	its = 1
	hyp = 1573 / 5318
	cut = 202310
5397253 [0, 38400]: LP
	bnd = 38400.000000
	its = 1
	hyp = 1573 / 5318
	cut = 202388
5399803 [0, 38400]: LP
	bnd = 38400.000000
	its = 1
	hyp = 1573 / 5318
	cut = 202466
5402371 [0, 38400]: LP
	bnd = 38400.000000
	its = 1
	hyp = 1573 / 5318
	cut = 202544
5405110 [0, 38400]: LP
	bnd = 38400.000000
	its = 1
	hyp = 1573 / 5318
	cut = 202622
5407667 [0, 38400]: LP
	bnd = 38400.000000
	its = 1
	hyp = 1573 / 5318
	cut = 202700
5410222 [0, 38400]: LP
	bnd = 38400.000000
	its = 1
	hyp = 1573 / 5318
	cut = 202778
5412776 [0, 38400]: LP
	bnd = 38400.000000
	its = 1
	hyp = 1573 / 5318
	cut = 202856
5415263 [0, 38400]: LP
	bnd = 38400.000000
	its = 1
	hyp = 1573 / 5318
	cut = 202934
5417837 [0, 38400]: LP
	bnd = 38400.000000
	its = 1
	hyp = 1573 / 5318
	cut = 203012
5420391 [0, 38400]: LP
	bnd = 38400.000000
	its = 1
	hyp = 1573 / 5318
	cut = 203090
5422950 [0, 38400]: LP
	bnd = 38400.000000
	its = 1
	hyp = 1573 / 5318
	cut = 203168
5425510 [0, 38400]: LP
	bnd = 38400.000000
	its = 1
	hyp = 1573 / 5318
	cut = 203246
5428068 [0, 38400]: LP
	bnd = 38400.000000
	its = 1
	hyp = 1573 / 5318
	cut = 203324
5430653 [0, 38400]: LP
	bnd = 38400.000000
	its = 1
	hyp = 1573 / 5318
	cut = 203402
5433217 [0, 38400]: LP
	bnd = 38400.000000
	its = 1
	hyp = 1573 / 5318
	cut = 203480
5435781 [0, 38400]: LP
	bnd = 38400.000000
	its = 1
	hyp = 1573 / 5318
	cut = 203558
5438455 [0, 38400]: LP
	bnd = 38400.000000
	its = 1
	hyp = 1573 / 5318
	cut = 203636
5441058 [0, 38400]: LP
	bnd = 38400.000000
	its = 1
	hyp = 1573 / 5318
	cut = 203714
5443812 [0, 38400]: LP
	bnd = 38400.000000
	its = 1
	hyp = 1573 / 5318
	cut = 203792
5446600 [0, 38400]: LP
	bnd = 38400.000000
	its = 1
	hyp = 1573 / 5318
	cut = 203870
5449333 [0, 38400]: LP
	bnd = 38400.000000
	its = 1
	hyp = 1573 / 5318
	cut = 203948
5451932 [0, 38400]: LP
	bnd = 38400.000000
	its = 1
	hyp = 1573 / 5318
	cut = 204026
5454500 [0, 38400]: LP
	bnd = 38400.000000
	its = 1
	hyp = 1573 / 5318
	cut = 204104
5457073 [0, 38400]: LP
	bnd = 38400.000000
	its = 1
	hyp = 1573 / 5318
	cut = 204182
5459651 [0, 38400]: LP
	bnd = 38400.000000
	its = 1
	hyp = 1573 / 5318
	cut = 204260
5462209 [0, 38400]: LP
	bnd = 38400.000000
	its = 1
	hyp = 1573 / 5318
	cut = 204338
5464782 [0, 38400]: LP
	bnd = 38400.000000
	its = 1
	hyp = 1573 / 5318
	cut = 204416
5467348 [0, 38400]: LP
	bnd = 38400.000000
	its = 1
	hyp = 1573 / 5318
	cut = 204494
5469912 [0, 38400]: LP
	bnd = 38400.000000
	its = 1
	hyp = 1573 / 5318
	cut = 204572
5472479 [0, 38400]: LP
	bnd = 38400.000000
	its = 1
	hyp = 1573 / 5318
	cut = 204650
5474997 [0, 38400]: LP
	bnd = 38400.000000
	its = 1
	hyp = 1573 / 5318
	cut = 204728
5477550 [0, 38400]: LP
	bnd = 38400.000000
	its = 1
	hyp = 1573 / 5318
	cut = 204806
5480119 [0, 38400]: LP
	bnd = 38400.000000
	its = 1
	hyp = 1573 / 5318
	cut = 204884
5482645 [0, 38400]: LP
	bnd = 38400.000000
	its = 1
	hyp = 1573 / 5318
	cut = 204962
5485199 [0, 38400]: LP
	bnd = 38400.000000
	its = 1
	hyp = 1573 / 5318
	cut = 205040
5487757 [0, 38400]: LP
	bnd = 38400.000000
	its = 1
	hyp = 1573 / 5318
	cut = 205118
5490320 [0, 38400]: LP
	bnd = 38400.000000
	its = 1
	hyp = 1573 / 5318
	cut = 205196
5492885 [0, 38400]: LP
	bnd = 38400.000000
	its = 1
	hyp = 1573 / 5318
	cut = 205274
5495464 [0, 38400]: LP
	bnd = 38400.000000
	its = 1
	hyp = 1573 / 5318
	cut = 205352
5498000 [0, 38400]: LP
	bnd = 38400.000000
	its = 1
	hyp = 1573 / 5318
	cut = 205430
5500558 [0, 38400]: LP
	bnd = 38400.000000
	its = 1
	hyp = 1573 / 5318
	cut = 205508
5503141 [0, 38400]: LP
	bnd = 38400.000000
	its = 1
	hyp = 1573 / 5318
	cut = 205586
5505721 [0, 38400]: LP
	bnd = 38400.000000
	its = 1
	hyp = 1573 / 5318
	cut = 205664
5508291 [0, 38400]: LP
	bnd = 38400.000000
	its = 1
	hyp = 1573 / 5318
	cut = 205742
5510843 [0, 38400]: LP
	bnd = 38400.000000
	its = 1
	hyp = 1573 / 5318
	cut = 205820
5513396 [0, 38400]: LP
	bnd = 38400.000000
	its = 1
	hyp = 1573 / 5318
	cut = 205898
5515958 [0, 38400]: LP
	bnd = 38400.000000
	its = 1
	hyp = 1573 / 5318
	cut = 205976
5518512 [0, 38400]: LP
	bnd = 38400.000000
	its = 1
	hyp = 1573 / 5318
	cut = 206054
5521083 [0, 38400]: LP
	bnd = 38400.000000
	its = 1
	hyp = 1573 / 5318
	cut = 206132
5523648 [0, 38400]: LP
	bnd = 38400.000000
	its = 1
	hyp = 1573 / 5318
	cut = 206210
5526224 [0, 38400]: LP
	bnd = 38400.000000
	its = 1
	hyp = 1573 / 5318
	cut = 206288
5528805 [0, 38400]: LP
	bnd = 38400.000000
	its = 1
	hyp = 1573 / 5318
	cut = 206366
5531392 [0, 38400]: LP
	bnd = 38400.000000
	its = 1
	hyp = 1573 / 5318
	cut = 206444
5533945 [0, 38400]: LP
	bnd = 38400.000000
	its = 1
	hyp = 1573 / 5318
	cut = 206522
5536512 [0, 38400]: LP
	bnd = 38400.000000
	its = 1
	hyp = 1573 / 5318
	cut = 206600
5539091 [0, 38400]: LP
	bnd = 38400.000000
	its = 1
	hyp = 1573 / 5318
	cut = 206678
5541660 [0, 38400]: LP
	bnd = 38400.000000
	its = 1
	hyp = 1573 / 5318
	cut = 206756
5544242 [0, 38400]: LP
	bnd = 38400.000000
	its = 1
	hyp = 1573 / 5318
	cut = 206834
5546723 [0, 38400]: LP
	bnd = 38400.000000
	its = 1
	hyp = 1573 / 5318
	cut = 206912
5549284 [0, 38400]: LP
	bnd = 38400.000000
	its = 1
	hyp = 1573 / 5318
	cut = 206990
5551848 [0, 38400]: LP
	bnd = 38400.000000
	its = 1
	hyp = 1573 / 5318
	cut = 207068
5554413 [0, 38400]: LP
	bnd = 38400.000000
	its = 1
	hyp = 1573 / 5318
	cut = 207146
5556990 [0, 38400]: LP
	bnd = 38400.000000
	its = 1
	hyp = 1573 / 5318
	cut = 207224
5559658 [0, 38400]: LP
	bnd = 38400.000000
	its = 1
	hyp = 1573 / 5318
	cut = 207302
5562378 [0, 38400]: LP
	bnd = 38400.000000
	its = 1
	hyp = 1573 / 5318
	cut = 207380
5565098 [0, 38400]: LP
	bnd = 38400.000000
	its = 1
	hyp = 1573 / 5318
	cut = 207458
5567697 [0, 38400]: LP
	bnd = 38400.000000
	its = 1
	hyp = 1573 / 5318
	cut = 207536
5570276 [0, 38400]: LP
	bnd = 38400.000000
	its = 1
	hyp = 1573 / 5318
	cut = 207614
5572841 [0, 38400]: LP
	bnd = 38400.000000
	its = 1
	hyp = 1573 / 5318
	cut = 207692
5575346 [0, 38400]: LP
	bnd = 38400.000000
	its = 1
	hyp = 1573 / 5318
	cut = 207770
5577933 [0, 38400]: LP
	bnd = 38400.000000
	its = 1
	hyp = 1573 / 5318
	cut = 207848
5580525 [0, 38400]: LP
	bnd = 38400.000000
	its = 1
	hyp = 1573 / 5318
	cut = 207926
5582997 [0, 38400]: LP
	bnd = 38400.000000
	its = 1
	hyp = 1573 / 5318
	cut = 208004
5585492 [0, 38400]: LP
	bnd = 38400.000000
	its = 1
	hyp = 1573 / 5318
	cut = 208082
5588036 [0, 38400]: LP
	bnd = 38400.000000
	its = 1
	hyp = 1573 / 5318
	cut = 208160
5590614 [0, 38400]: LP
	bnd = 38400.000000
	its = 1
	hyp = 1573 / 5318
	cut = 208238
5593195 [0, 38400]: LP
	bnd = 38400.000000
	its = 1
	hyp = 1573 / 5318
	cut = 208316
5595725 [0, 38400]: LP
	bnd = 38400.000000
	its = 1
	hyp = 1573 / 5318
	cut = 208394
5598305 [0, 38400]: LP
	bnd = 38400.000000
	its = 1
	hyp = 1573 / 5318
	cut = 208472
5600893 [0, 38400]: LP
	bnd = 38400.000000
	its = 1
	hyp = 1573 / 5318
	cut = 208550
5603470 [0, 38400]: LP
	bnd = 38400.000000
	its = 1
	hyp = 1573 / 5318
	cut = 208628
5606079 [0, 38400]: LP
	bnd = 38400.000000
	its = 1
	hyp = 1573 / 5318
	cut = 208706
5608725 [0, 38400]: LP
	bnd = 38400.000000
	its = 1
	hyp = 1573 / 5318
	cut = 208784
5611368 [0, 38400]: LP
	bnd = 38400.000000
	its = 1
	hyp = 1573 / 5318
	cut = 208862
5613950 [0, 38400]: LP
	bnd = 38400.000000
	its = 1
	hyp = 1573 / 5318
	cut = 208940
5616540 [0, 38400]: LP
	bnd = 38400.000000
	its = 1
	hyp = 1573 / 5318
	cut = 209018
5619105 [0, 38400]: LP
	bnd = 38400.000000
	its = 1
	hyp = 1573 / 5318
	cut = 209096
5621679 [0, 38400]: LP
	bnd = 38400.000000
	its = 1
	hyp = 1573 / 5318
	cut = 209174
5624270 [0, 38400]: LP
	bnd = 38400.000000
	its = 1
	hyp = 1573 / 5318
	cut = 209252
5626855 [0, 38400]: LP
	bnd = 38400.000000
	its = 1
	hyp = 1573 / 5318
	cut = 209330
5629430 [0, 38400]: LP
	bnd = 38400.000000
	its = 1
	hyp = 1573 / 5318
	cut = 209408
5632009 [0, 38400]: LP
	bnd = 38400.000000
	its = 1
	hyp = 1573 / 5318
	cut = 209486
5634587 [0, 38400]: LP
	bnd = 38400.000000
	its = 1
	hyp = 1573 / 5318
	cut = 209564
5637164 [0, 38400]: LP
	bnd = 38400.000000
	its = 1
	hyp = 1573 / 5318
	cut = 209642
5639753 [0, 38400]: LP
	bnd = 38400.000000
	its = 1
	hyp = 1573 / 5318
	cut = 209720
5642347 [0, 38400]: LP
	bnd = 38400.000000
	its = 1
	hyp = 1573 / 5318
	cut = 209798
5644927 [0, 38400]: LP
	bnd = 38400.000000
	its = 1
	hyp = 1573 / 5318
	cut = 209876
5647518 [0, 38400]: LP
	bnd = 38400.000000
	its = 1
	hyp = 1573 / 5318
	cut = 209954
5650123 [0, 38400]: LP
	bnd = 38400.000000
	its = 1
	hyp = 1573 / 5318
	cut = 210032
5652714 [0, 38400]: LP
	bnd = 38400.000000
	its = 1
	hyp = 1573 / 5318
	cut = 210110
5655307 [0, 38400]: LP
	bnd = 38400.000000
	its = 1
	hyp = 1573 / 5318
	cut = 210188
5657893 [0, 38400]: LP
	bnd = 38400.000000
	its = 1
	hyp = 1573 / 5318
	cut = 210266
5660496 [0, 38400]: LP
	bnd = 38400.000000
	its = 1
	hyp = 1573 / 5318
	cut = 210344
5663103 [0, 38400]: LP
	bnd = 38400.000000
	its = 1
	hyp = 1573 / 5318
	cut = 210422
5665692 [0, 38400]: LP
	bnd = 38400.000000
	its = 1
	hyp = 1573 / 5318
	cut = 210500
5668277 [0, 38400]: LP
	bnd = 38400.000000
	its = 1
	hyp = 1573 / 5318
	cut = 210578
5670875 [0, 38400]: LP
	bnd = 38400.000000
	its = 1
	hyp = 1573 / 5318
	cut = 210656
5673450 [0, 38400]: LP
	bnd = 38400.000000
	its = 1
	hyp = 1573 / 5318
	cut = 210734
5676049 [0, 38400]: LP
	bnd = 38400.000000
	its = 1
	hyp = 1573 / 5318
	cut = 210812
5678782 [0, 38400]: LP
	bnd = 38400.000000
	its = 1
	hyp = 1573 / 5318
	cut = 210890
5681550 [0, 38400]: LP
	bnd = 38400.000000
	its = 1
	hyp = 1573 / 5318
	cut = 210968
5684138 [0, 38400]: LP
	bnd = 38400.000000
	its = 1
	hyp = 1573 / 5318
	cut = 211046
5686742 [0, 38400]: LP
	bnd = 38400.000000
	its = 1
	hyp = 1573 / 5318
	cut = 211124
5689352 [0, 38400]: LP
	bnd = 38400.000000
	its = 1
	hyp = 1573 / 5318
	cut = 211202
5691954 [0, 38400]: LP
	bnd = 38400.000000
	its = 1
	hyp = 1573 / 5318
	cut = 211280
5694555 [0, 38400]: LP
	bnd = 38400.000000
	its = 1
	hyp = 1573 / 5318
	cut = 211358
5697146 [0, 38400]: LP
	bnd = 38400.000000
	its = 1
	hyp = 1573 / 5318
	cut = 211436
5699748 [0, 38400]: LP
	bnd = 38400.000000
	its = 1
	hyp = 1573 / 5318
	cut = 211514
5702360 [0, 38400]: LP
	bnd = 38400.000000
	its = 1
	hyp = 1573 / 5318
	cut = 211592
5704980 [0, 38400]: LP
	bnd = 38400.000000
	its = 1
	hyp = 1573 / 5318
	cut = 211670
5707584 [0, 38400]: LP
	bnd = 38400.000000
	its = 1
	hyp = 1573 / 5318
	cut = 211748
5710233 [0, 38400]: LP
	bnd = 38400.000000
	its = 1
	hyp = 1573 / 5318
	cut = 211826
5712846 [0, 38400]: LP
	bnd = 38400.000000
	its = 1
	hyp = 1573 / 5318
	cut = 211904
5715512 [0, 38400]: LP
	bnd = 38400.000000
	its = 1
	hyp = 1573 / 5318
	cut = 211982
5718370 [0, 38400]: LP
	bnd = 38400.000000
	its = 1
	hyp = 1573 / 5318
	cut = 212060
5721261 [0, 38400]: LP
	bnd = 38400.000000
	its = 1
	hyp = 1573 / 5318
	cut = 212138
5724138 [0, 38400]: LP
	bnd = 38400.000000
	its = 1
	hyp = 1573 / 5318
	cut = 212216
5726767 [0, 38400]: LP
	bnd = 38400.000000
	its = 1
	hyp = 1573 / 5318
	cut = 212294
5729629 [0, 38400]: LP
	bnd = 38400.000000
	its = 1
	hyp = 1573 / 5318
	cut = 212372
5732569 [0, 38400]: LP
	bnd = 38400.000000
	its = 1
	hyp = 1573 / 5318
	cut = 212450
5735446 [0, 38400]: LP
	bnd = 38400.000000
	its = 1
	hyp = 1573 / 5318
	cut = 212528
5738317 [0, 38400]: LP
	bnd = 38400.000000
	its = 1
	hyp = 1573 / 5318
	cut = 212606
5741212 [0, 38400]: LP
	bnd = 38400.000000
	its = 1
	hyp = 1573 / 5318
	cut = 212684
5744110 [0, 38400]: LP
	bnd = 38400.000000
	its = 1
	hyp = 1573 / 5318
	cut = 212762
5747017 [0, 38400]: LP
	bnd = 38400.000000
	its = 1
	hyp = 1573 / 5318
	cut = 212840
5749926 [0, 38400]: LP
	bnd = 38400.000000
	its = 1
	hyp = 1573 / 5318
	cut = 212918
5752830 [0, 38400]: LP
	bnd = 38400.000000
	its = 1
	hyp = 1573 / 5318
	cut = 212996
5755703 [0, 38400]: LP
	bnd = 38400.000000
	its = 1
	hyp = 1573 / 5318
	cut = 213074
5758604 [0, 38400]: LP
	bnd = 38400.000000
	its = 1
	hyp = 1573 / 5318
	cut = 213152
5761486 [0, 38400]: LP
	bnd = 38400.000000
	its = 1
	hyp = 1573 / 5318
	cut = 213230
5764355 [0, 38400]: LP
	bnd = 38400.000000
	its = 1
	hyp = 1573 / 5318
	cut = 213308
5767251 [0, 38400]: LP
	bnd = 38400.000000
	its = 1
	hyp = 1573 / 5318
	cut = 213386
5770151 [0, 38400]: LP
	bnd = 38400.000000
	its = 1
	hyp = 1573 / 5318
	cut = 213464
5773051 [0, 38400]: LP
	bnd = 38400.000000
	its = 1
	hyp = 1573 / 5318
	cut = 213542
5775962 [0, 38400]: LP
	bnd = 38400.000000
	its = 1
	hyp = 1573 / 5318
	cut = 213620
5778942 [0, 38400]: LP
	bnd = 38400.000000
	its = 1
	hyp = 1573 / 5318
	cut = 213698
5781859 [0, 38400]: LP
	bnd = 38400.000000
	its = 1
	hyp = 1573 / 5318
	cut = 213776
5784820 [0, 38400]: LP
	bnd = 38400.000000
	its = 1
	hyp = 1573 / 5318
	cut = 213854
5787727 [0, 38400]: LP
	bnd = 38400.000000
	its = 1
	hyp = 1573 / 5318
	cut = 213932
5790619 [0, 38400]: LP
	bnd = 38400.000000
	its = 1
	hyp = 1573 / 5318
	cut = 214010
5793566 [0, 38400]: LP
	bnd = 38400.000000
	its = 1
	hyp = 1573 / 5318
	cut = 214088
5796469 [0, 38400]: LP
	bnd = 38400.000000
	its = 1
	hyp = 1573 / 5318
	cut = 214166
5799389 [0, 38400]: LP
	bnd = 38400.000000
	its = 1
	hyp = 1573 / 5318
	cut = 214244
5802298 [0, 38400]: LP
	bnd = 38400.000000
	its = 1
	hyp = 1573 / 5318
	cut = 214322
5805200 [0, 38400]: LP
	bnd = 38400.000000
	its = 1
	hyp = 1573 / 5318
	cut = 214400
5808165 [0, 38400]: LP
	bnd = 38400.000000
	its = 1
	hyp = 1573 / 5318
	cut = 214478
5811225 [0, 38400]: LP
	bnd = 38400.000000
	its = 1
	hyp = 1573 / 5318
	cut = 214556
5814146 [0, 38400]: LP
	bnd = 38400.000000
	its = 1
	hyp = 1573 / 5318
	cut = 214634
5817072 [0, 38400]: LP
	bnd = 38400.000000
	its = 1
	hyp = 1573 / 5318
	cut = 214712
5820003 [0, 38400]: LP
	bnd = 38400.000000
	its = 1
	hyp = 1573 / 5318
	cut = 214790
5822955 [0, 38400]: LP
	bnd = 38400.000000
	its = 1
	hyp = 1573 / 5318
	cut = 214868
5825882 [0, 38400]: LP
	bnd = 38400.000000
	its = 1
	hyp = 1573 / 5318
	cut = 214946
5828807 [0, 38400]: LP
	bnd = 38400.000000
	its = 1
	hyp = 1573 / 5318
	cut = 215024
5831741 [0, 38400]: LP
	bnd = 38400.000000
	its = 1
	hyp = 1573 / 5318
	cut = 215102
5834657 [0, 38400]: LP
	bnd = 38400.000000
	its = 1
	hyp = 1573 / 5318
	cut = 215180
5837569 [0, 38400]: LP
	bnd = 38400.000000
	its = 1
	hyp = 1573 / 5318
	cut = 215258
5840497 [0, 38400]: LP
	bnd = 38400.000000
	its = 1
	hyp = 1573 / 5318
	cut = 215336
5843299 [0, 38400]: LP
	bnd = 38400.000000
	its = 1
	hyp = 1573 / 5318
	cut = 215414
5846162 [0, 38400]: LP
	bnd = 38400.000000
	its = 1
	hyp = 1573 / 5318
	cut = 215492
5849065 [0, 38400]: LP
	bnd = 38400.000000
	its = 1
	hyp = 1573 / 5318
	cut = 215570
5851864 [0, 38400]: LP
	bnd = 38400.000000
	its = 1
	hyp = 1573 / 5318
	cut = 215648
5854825 [0, 38400]: LP
	bnd = 38400.000000
	its = 1
	hyp = 1573 / 5318
	cut = 215726
5857753 [0, 38400]: LP
	bnd = 38400.000000
	its = 1
	hyp = 1573 / 5318
	cut = 215804
5860559 [0, 38400]: LP
	bnd = 38400.000000
	its = 1
	hyp = 1573 / 5318
	cut = 215882
5863398 [0, 38400]: LP
	bnd = 38400.000000
	its = 1
	hyp = 1573 / 5318
	cut = 215960
5866279 [0, 38400]: LP
	bnd = 38400.000000
	its = 1
	hyp = 1573 / 5318
	cut = 216038
5869204 [0, 38400]: LP
	bnd = 38400.000000
	its = 1
	hyp = 1573 / 5318
	cut = 216116
5872066 [0, 38400]: LP
	bnd = 38400.000000
	its = 1
	hyp = 1573 / 5318
	cut = 216194
5874943 [0, 38400]: LP
	bnd = 38400.000000
	its = 1
	hyp = 1573 / 5318
	cut = 216272
5877828 [0, 38400]: LP
	bnd = 38400.000000
	its = 1
	hyp = 1573 / 5318
	cut = 216350
5880728 [0, 38400]: LP
	bnd = 38400.000000
	its = 1
	hyp = 1573 / 5318
	cut = 216428
5883550 [0, 38400]: LP
	bnd = 38400.000000
	its = 1
	hyp = 1573 / 5318
	cut = 216506
5886588 [0, 38400]: LP
	bnd = 38400.000000
	its = 1
	hyp = 1573 / 5318
	cut = 216584
5889495 [0, 38400]: LP
	bnd = 38400.000000
	its = 1
	hyp = 1573 / 5318
	cut = 216662
5892400 [0, 38400]: LP
	bnd = 38400.000000
	its = 1
	hyp = 1573 / 5318
	cut = 216740
5895308 [0, 38400]: LP
	bnd = 38400.000000
	its = 1
	hyp = 1573 / 5318
	cut = 216818
5898197 [0, 38400]: LP
	bnd = 38400.000000
	its = 1
	hyp = 1573 / 5318
	cut = 216896
5901241 [0, 38400]: LP
	bnd = 38400.000000
	its = 1
	hyp = 1573 / 5318
	cut = 216974
5904325 [0, 38400]: LP
	bnd = 38400.000000
	its = 1
	hyp = 1573 / 5318
	cut = 217052
5907215 [0, 38400]: LP
	bnd = 38400.000000
	its = 1
	hyp = 1573 / 5318
	cut = 217130
5910139 [0, 38400]: LP
	bnd = 38400.000000
	its = 1
	hyp = 1573 / 5318
	cut = 217208
5913053 [0, 38400]: LP
	bnd = 38400.000000
	its = 1
	hyp = 1573 / 5318
	cut = 217286
5916385 [0, 38400]: LP
	bnd = 38400.000000
	its = 1
	hyp = 1573 / 5318
	cut = 217364
5919315 [0, 38400]: LP
	bnd = 38400.000000
	its = 1
	hyp = 1573 / 5318
	cut = 217442
5922378 [0, 38400]: LP
	bnd = 38400.000000
	its = 1
	hyp = 1573 / 5318
	cut = 217520
5925399 [0, 38400]: LP
	bnd = 38400.000000
	its = 1
	hyp = 1573 / 5318
	cut = 217598
5928342 [0, 38400]: LP
	bnd = 38400.000000
	its = 1
	hyp = 1573 / 5318
	cut = 217676
5931447 [0, 38400]: LP
	bnd = 38400.000000
	its = 1
	hyp = 1573 / 5318
	cut = 217754
5934368 [0, 38400]: LP
	bnd = 38400.000000
	its = 1
	hyp = 1573 / 5318
	cut = 217832
5937285 [0, 38400]: LP
	bnd = 38400.000000
	its = 1
	hyp = 1573 / 5318
	cut = 217910
5940214 [0, 38400]: LP
	bnd = 38400.000000
	its = 1
	hyp = 1573 / 5318
	cut = 217988
5943140 [0, 38400]: LP
	bnd = 38400.000000
	its = 1
	hyp = 1573 / 5318
	cut = 218066
5945955 [0, 38400]: LP
	bnd = 38400.000000
	its = 1
	hyp = 1573 / 5318
	cut = 218144
5948876 [0, 38400]: LP
	bnd = 38400.000000
	its = 1
	hyp = 1573 / 5318
	cut = 218222
5951808 [0, 38400]: LP
	bnd = 38400.000000
	its = 1
	hyp = 1573 / 5318
	cut = 218300
5954728 [0, 38400]: LP
	bnd = 38400.000000
	its = 1
	hyp = 1573 / 5318
	cut = 218378
5957648 [0, 38400]: LP
	bnd = 38400.000000
	its = 1
	hyp = 1573 / 5318
	cut = 218456
5960568 [0, 38400]: LP
	bnd = 38400.000000
	its = 1
	hyp = 1573 / 5318
	cut = 218534
5963503 [0, 38400]: LP
	bnd = 38400.000000
	its = 1
	hyp = 1573 / 5318
	cut = 218612
5966434 [0, 38400]: LP
	bnd = 38400.000000
	its = 1
	hyp = 1573 / 5318
	cut = 218690
5969355 [0, 38400]: LP
	bnd = 38400.000000
	its = 1
	hyp = 1573 / 5318
	cut = 218768
5972301 [0, 38400]: LP
	bnd = 38400.000000
	its = 1
	hyp = 1573 / 5318
	cut = 218846
5975237 [0, 38400]: LP
	bnd = 38400.000000
	its = 1
	hyp = 1573 / 5318
	cut = 218924
5978180 [0, 38400]: LP
	bnd = 38400.000000
	its = 1
	hyp = 1573 / 5318
	cut = 219002
5981126 [0, 38400]: LP
	bnd = 38400.000000
	its = 1
	hyp = 1573 / 5318
	cut = 219080
5984128 [0, 38400]: LP
	bnd = 38400.000000
	its = 1
	hyp = 1573 / 5318
	cut = 219158
5987334 [0, 38400]: LP
	bnd = 38400.000000
	its = 1
	hyp = 1573 / 5318
	cut = 219236
5990296 [0, 38400]: LP
	bnd = 38400.000000
	its = 1
	hyp = 1573 / 5318
	cut = 219314
5993242 [0, 38400]: LP
	bnd = 38400.000000
	its = 1
	hyp = 1573 / 5318
	cut = 219392
5996192 [0, 38400]: LP
	bnd = 38400.000000
	its = 1
	hyp = 1573 / 5318
	cut = 219470
5999163 [0, 38400]: LP
	bnd = 38400.000000
	its = 1
	hyp = 1573 / 5318
	cut = 219548
6002122 [0, 38400]: LP
	bnd = 38400.000000
	its = 1
	hyp = 1573 / 5318
	cut = 219626
6005090 [0, 38400]: LP
	bnd = 38400.000000
	its = 1
	hyp = 1573 / 5318
	cut = 219704
6008054 [0, 38400]: LP
	bnd = 38400.000000
	its = 1
	hyp = 1573 / 5318
	cut = 219782
6011017 [0, 38400]: LP
	bnd = 38400.000000
	its = 1
	hyp = 1573 / 5318
	cut = 219860
6013964 [0, 38400]: LP
	bnd = 38400.000000
	its = 1
	hyp = 1573 / 5318
	cut = 219938
6016918 [0, 38400]: LP
	bnd = 38400.000000
	its = 1
	hyp = 1573 / 5318
	cut = 220016
6019787 [0, 38400]: LP
	bnd = 38400.000000
	its = 1
	hyp = 1573 / 5318
	cut = 220094
6022732 [0, 38400]: LP
	bnd = 38400.000000
	its = 1
	hyp = 1573 / 5318
	cut = 220172
6025677 [0, 38400]: LP
	bnd = 38400.000000
	its = 1
	hyp = 1573 / 5318
	cut = 220250
6028623 [0, 38400]: LP
	bnd = 38400.000000
	its = 1
	hyp = 1573 / 5318
	cut = 220328
6031569 [0, 38400]: LP
	bnd = 38400.000000
	its = 1
	hyp = 1573 / 5318
	cut = 220406
6034511 [0, 38400]: LP
	bnd = 38400.000000
	its = 1
	hyp = 1573 / 5318
	cut = 220484
6037466 [0, 38400]: LP
	bnd = 38400.000000
	its = 1
	hyp = 1573 / 5318
	cut = 220562
6040411 [0, 38400]: LP
	bnd = 38400.000000
	its = 1
	hyp = 1573 / 5318
	cut = 220640
6043348 [0, 38400]: LP
	bnd = 38400.000000
	its = 1
	hyp = 1573 / 5318
	cut = 220718
6046272 [0, 38400]: LP
	bnd = 38400.000000
	its = 1
	hyp = 1573 / 5318
	cut = 220796
6049209 [0, 38400]: LP
	bnd = 38400.000000
	its = 1
	hyp = 1573 / 5318
	cut = 220874
6052174 [0, 38400]: LP
	bnd = 38400.000000
	its = 1
	hyp = 1573 / 5318
	cut = 220952
6055062 [0, 38400]: LP
	bnd = 38400.000000
	its = 1
	hyp = 1573 / 5318
	cut = 221030
6058159 [0, 38400]: LP
	bnd = 38400.000000
	its = 1
	hyp = 1573 / 5318
	cut = 221108
6061105 [0, 38400]: LP
	bnd = 38400.000000
	its = 1
	hyp = 1573 / 5318
	cut = 221186
6063835 [0, 38400]: LP
	bnd = 38400.000000
	its = 1
	hyp = 1573 / 5318
	cut = 221264
6066584 [0, 38400]: LP
	bnd = 38400.000000
	its = 1
	hyp = 1573 / 5318
	cut = 221342
6069311 [0, 38400]: LP
	bnd = 38400.000000
	its = 1
	hyp = 1573 / 5318
	cut = 221420
6072180 [0, 38400]: LP
	bnd = 38400.000000
	its = 1
	hyp = 1573 / 5318
	cut = 221498
6075019 [0, 38400]: LP
	bnd = 38400.000000
	its = 1
	hyp = 1573 / 5318
	cut = 221576
6077740 [0, 38400]: LP
	bnd = 38400.000000
	its = 1
	hyp = 1573 / 5318
	cut = 221654
6080452 [0, 38400]: LP
	bnd = 38400.000000
	its = 1
	hyp = 1573 / 5318
	cut = 221732
6083313 [0, 38400]: LP
	bnd = 38400.000000
	its = 1
	hyp = 1573 / 5318
	cut = 221810
6086192 [0, 38400]: LP
	bnd = 38400.000000
	its = 1
	hyp = 1573 / 5318
	cut = 221888
6088933 [0, 38400]: LP
	bnd = 38400.000000
	its = 1
	hyp = 1573 / 5318
	cut = 221966
6091654 [0, 38400]: LP
	bnd = 38400.000000
	its = 1
	hyp = 1573 / 5318
	cut = 222044
6094390 [0, 38400]: LP
	bnd = 38400.000000
	its = 1
	hyp = 1573 / 5318
	cut = 222122
6097111 [0, 38400]: LP
	bnd = 38400.000000
	its = 1
	hyp = 1573 / 5318
	cut = 222200
6099833 [0, 38400]: LP
	bnd = 38400.000000
	its = 1
	hyp = 1573 / 5318
	cut = 222278
6102552 [0, 38400]: LP
	bnd = 38400.000000
	its = 1
	hyp = 1573 / 5318
	cut = 222356
6105272 [0, 38400]: LP
	bnd = 38400.000000
	its = 1
	hyp = 1573 / 5318
	cut = 222434
6108012 [0, 38400]: LP
	bnd = 38400.000000
	its = 1
	hyp = 1573 / 5318
	cut = 222512
6110738 [0, 38400]: LP
	bnd = 38400.000000
	its = 1
	hyp = 1573 / 5318
	cut = 222590
6113467 [0, 38400]: LP
	bnd = 38400.000000
	its = 1
	hyp = 1573 / 5318
	cut = 222668
6116194 [0, 38400]: LP
	bnd = 38400.000000
	its = 1
	hyp = 1573 / 5318
	cut = 222746
6118921 [0, 38400]: LP
	bnd = 38400.000000
	its = 1
	hyp = 1573 / 5318
	cut = 222824
6121663 [0, 38400]: LP
	bnd = 38400.000000
	its = 1
	hyp = 1573 / 5318
	cut = 222902
6124391 [0, 38400]: LP
	bnd = 38400.000000
	its = 1
	hyp = 1573 / 5318
	cut = 222980
6127149 [0, 38400]: LP
	bnd = 38400.000000
	its = 1
	hyp = 1573 / 5318
	cut = 223058
6129885 [0, 38400]: LP
	bnd = 38400.000000
	its = 1
	hyp = 1573 / 5318
	cut = 223136
6132607 [0, 38400]: LP
	bnd = 38400.000000
	its = 1
	hyp = 1573 / 5318
	cut = 223214
6135326 [0, 38400]: LP
	bnd = 38400.000000
	its = 1
	hyp = 1573 / 5318
	cut = 223292
6138051 [0, 38400]: LP
	bnd = 38400.000000
	its = 1
	hyp = 1573 / 5318
	cut = 223370
6140791 [0, 38400]: LP
	bnd = 38400.000000
	its = 1
	hyp = 1573 / 5318
	cut = 223448
6143532 [0, 38400]: LP
	bnd = 38400.000000
	its = 1
	hyp = 1573 / 5318
	cut = 223526
6146244 [0, 38400]: LP
	bnd = 38400.000000
	its = 1
	hyp = 1573 / 5318
	cut = 223604
6148965 [0, 38400]: LP
	bnd = 38400.000000
	its = 1
	hyp = 1573 / 5318
	cut = 223682
6151703 [0, 38400]: LP
	bnd = 38400.000000
	its = 1
	hyp = 1573 / 5318
	cut = 223760
6154385 [0, 38400]: LP
	bnd = 38400.000000
	its = 1
	hyp = 1573 / 5318
	cut = 223838
6157120 [0, 38400]: LP
	bnd = 38400.000000
	its = 1
	hyp = 1573 / 5318
	cut = 223916
6159862 [0, 38400]: LP
	bnd = 38400.000000
	its = 1
	hyp = 1573 / 5318
	cut = 223994
6162598 [0, 38400]: LP
	bnd = 38400.000000
	its = 1
	hyp = 1573 / 5318
	cut = 224072
6165346 [0, 38400]: LP
	bnd = 38400.000000
	its = 1
	hyp = 1573 / 5318
	cut = 224150
6168083 [0, 38400]: LP
	bnd = 38400.000000
	its = 1
	hyp = 1573 / 5318
	cut = 224228
6170827 [0, 38400]: LP
	bnd = 38400.000000
	its = 1
	hyp = 1573 / 5318
	cut = 224306
6173572 [0, 38400]: LP
	bnd = 38400.000000
	its = 1
	hyp = 1573 / 5318
	cut = 224384
6176303 [0, 38400]: LP
	bnd = 38400.000000
	its = 1
	hyp = 1573 / 5318
	cut = 224462
6179055 [0, 38400]: LP
	bnd = 38400.000000
	its = 1
	hyp = 1573 / 5318
	cut = 224540
6181819 [0, 38400]: LP
	bnd = 38400.000000
	its = 1
	hyp = 1573 / 5318
	cut = 224618
6184587 [0, 38400]: LP
	bnd = 38400.000000
	its = 1
	hyp = 1573 / 5318
	cut = 224696
6187363 [0, 38400]: LP
	bnd = 38400.000000
	its = 1
	hyp = 1573 / 5318
	cut = 224774
6190130 [0, 38400]: LP
	bnd = 38400.000000
	its = 1
	hyp = 1573 / 5318
	cut = 224852
6192899 [0, 38400]: LP
	bnd = 38400.000000
	its = 1
	hyp = 1573 / 5318
	cut = 224930
6195676 [0, 38400]: LP
	bnd = 38400.000000
	its = 1
	hyp = 1573 / 5318
	cut = 225008
6198445 [0, 38400]: LP
	bnd = 38400.000000
	its = 1
	hyp = 1573 / 5318
	cut = 225086
6201252 [0, 38400]: LP
	bnd = 38400.000000
	its = 1
	hyp = 1573 / 5318
	cut = 225164
6204061 [0, 38400]: LP
	bnd = 38400.000000
	its = 1
	hyp = 1573 / 5318
	cut = 225242
6206846 [0, 38400]: LP
	bnd = 38400.000000
	its = 1
	hyp = 1573 / 5318
	cut = 225320
6209636 [0, 38400]: LP
	bnd = 38400.000000
	its = 1
	hyp = 1573 / 5318
	cut = 225398
6212450 [0, 38400]: LP
	bnd = 38400.000000
	its = 1
	hyp = 1573 / 5318
	cut = 225476
6215272 [0, 38400]: LP
	bnd = 38400.000000
	its = 1
	hyp = 1573 / 5318
	cut = 225554
6218098 [0, 38400]: LP
	bnd = 38400.000000
	its = 1
	hyp = 1573 / 5318
	cut = 225632
6220928 [0, 38400]: LP
	bnd = 38400.000000
	its = 1
	hyp = 1573 / 5318
	cut = 225710
6223754 [0, 38400]: LP
	bnd = 38400.000000
	its = 1
	hyp = 1573 / 5318
	cut = 225788
6226560 [0, 38400]: LP
	bnd = 38400.000000
	its = 1
	hyp = 1573 / 5318
	cut = 225866
6229359 [0, 38400]: LP
	bnd = 38400.000000
	its = 1
	hyp = 1573 / 5318
	cut = 225944
6232183 [0, 38400]: LP
	bnd = 38400.000000
	its = 1
	hyp = 1573 / 5318
	cut = 226022
6234980 [0, 38400]: LP
	bnd = 38400.000000
	its = 1
	hyp = 1573 / 5318
	cut = 226100
6237789 [0, 38400]: LP
	bnd = 38400.000000
	its = 1
	hyp = 1573 / 5318
	cut = 226178
6240553 [0, 38400]: LP
	bnd = 38400.000000
	its = 1
	hyp = 1573 / 5318
	cut = 226256
6243315 [0, 38400]: LP
	bnd = 38400.000000
	its = 1
	hyp = 1573 / 5318
	cut = 226334
6246074 [0, 38400]: LP
	bnd = 38400.000000
	its = 1
	hyp = 1573 / 5318
	cut = 226412
6248833 [0, 38400]: LP
	bnd = 38400.000000
	its = 1
	hyp = 1573 / 5318
	cut = 226490
6251593 [0, 38400]: LP
	bnd = 38400.000000
	its = 1
	hyp = 1573 / 5318
	cut = 226568
6254338 [0, 38400]: LP
	bnd = 38400.000000
	its = 1
	hyp = 1573 / 5318
	cut = 226646
6257073 [0, 38400]: LP
	bnd = 38400.000000
	its = 1
	hyp = 1573 / 5318
	cut = 226724
6259835 [0, 38400]: LP
	bnd = 38400.000000
	its = 1
	hyp = 1573 / 5318
	cut = 226802
6262602 [0, 38400]: LP
	bnd = 38400.000000
	its = 1
	hyp = 1573 / 5318
	cut = 226880
6265335 [0, 38400]: LP
	bnd = 38400.000000
	its = 1
	hyp = 1573 / 5318
	cut = 226958
6268097 [0, 38400]: LP
	bnd = 38400.000000
	its = 1
	hyp = 1573 / 5318
	cut = 227036
6271107 [0, 38400]: LP
	bnd = 38400.000000
	its = 1
	hyp = 1573 / 5318
	cut = 227114
6274110 [0, 38400]: LP
	bnd = 38400.000000
	its = 1
	hyp = 1573 / 5318
	cut = 227192
6277122 [0, 38400]: LP
	bnd = 38400.000000
	its = 1
	hyp = 1573 / 5318
	cut = 227270
6280121 [0, 38400]: LP
	bnd = 38400.000000
	its = 1
	hyp = 1573 / 5318
	cut = 227348
6283138 [0, 38400]: LP
	bnd = 38400.000000
	its = 1
	hyp = 1573 / 5318
	cut = 227426
6286143 [0, 38400]: LP
	bnd = 38400.000000
	its = 1
	hyp = 1573 / 5318
	cut = 227504
6289154 [0, 38400]: LP
	bnd = 38400.000000
	its = 1
	hyp = 1573 / 5318
	cut = 227582
6292609 [0, 38400]: LP
	bnd = 38400.000000
	its = 1
	hyp = 1573 / 5318
	cut = 227660
6295679 [0, 38400]: LP
	bnd = 38400.000000
	its = 1
	hyp = 1573 / 5318
	cut = 227738
6298662 [0, 38400]: LP
	bnd = 38400.000000
	its = 1
	hyp = 1573 / 5318
	cut = 227816
6301683 [0, 38400]: LP
	bnd = 38400.000000
	its = 1
	hyp = 1573 / 5318
	cut = 227894
6304762 [0, 38400]: LP
	bnd = 38400.000000
	its = 1
	hyp = 1573 / 5318
	cut = 227972
6307768 [0, 38400]: LP
	bnd = 38400.000000
	its = 1
	hyp = 1573 / 5318
	cut = 228050
6310767 [0, 38400]: LP
	bnd = 38400.000000
	its = 1
	hyp = 1573 / 5318
	cut = 228128
6313834 [0, 38400]: LP
	bnd = 38400.000000
	its = 1
	hyp = 1573 / 5318
	cut = 228206
6316827 [0, 38400]: LP
	bnd = 38400.000000
	its = 1
	hyp = 1573 / 5318
	cut = 228284
6319814 [0, 38400]: LP
	bnd = 38400.000000
	its = 1
	hyp = 1573 / 5318
	cut = 228362
6322786 [0, 38400]: LP
	bnd = 38400.000000
	its = 1
	hyp = 1573 / 5318
	cut = 228440
6325770 [0, 38400]: LP
	bnd = 38400.000000
	its = 1
	hyp = 1573 / 5318
	cut = 228518
6328756 [0, 38400]: LP
	bnd = 38400.000000
	its = 1
	hyp = 1573 / 5318
	cut = 228596
6331756 [0, 38400]: LP
	bnd = 38400.000000
	its = 1
	hyp = 1573 / 5318
	cut = 228674
6334729 [0, 38400]: LP
	bnd = 38400.000000
	its = 1
	hyp = 1573 / 5318
	cut = 228752
6337712 [0, 38400]: LP
	bnd = 38400.000000
	its = 1
	hyp = 1573 / 5318
	cut = 228830
6340693 [0, 38400]: LP
	bnd = 38400.000000
	its = 1
	hyp = 1573 / 5318
	cut = 228908
6343601 [0, 38400]: LP
	bnd = 38400.000000
	its = 1
	hyp = 1573 / 5318
	cut = 228986
6346571 [0, 38400]: LP
	bnd = 38400.000000
	its = 1
	hyp = 1573 / 5318
	cut = 229064
6349450 [0, 38400]: LP
	bnd = 38400.000000
	its = 1
	hyp = 1573 / 5318
	cut = 229142
6352349 [0, 38400]: LP
	bnd = 38400.000000
	its = 1
	hyp = 1573 / 5318
	cut = 229220
6355240 [0, 38400]: LP
	bnd = 38400.000000
	its = 1
	hyp = 1573 / 5318
	cut = 229298
6358309 [0, 38400]: LP
	bnd = 38400.000000
	its = 1
	hyp = 1573 / 5318
	cut = 229376
6361201 [0, 38400]: LP
	bnd = 38400.000000
	its = 1
	hyp = 1573 / 5318
	cut = 229454
6364109 [0, 38400]: LP
	bnd = 38400.000000
	its = 1
	hyp = 1573 / 5318
	cut = 229532
6367017 [0, 38400]: LP
	bnd = 38400.000000
	its = 1
	hyp = 1573 / 5318
	cut = 229610
6369947 [0, 38400]: LP
	bnd = 38400.000000
	its = 1
	hyp = 1573 / 5318
	cut = 229688
6372859 [0, 38400]: LP
	bnd = 38400.000000
	its = 1
	hyp = 1573 / 5318
	cut = 229766
6375615 [0, 38400]: LP
	bnd = 38400.000000
	its = 1
	hyp = 1573 / 5318
	cut = 229844
6378356 [0, 38400]: LP
	bnd = 38400.000000
	its = 1
	hyp = 1573 / 5318
	cut = 229922
6381094 [0, 38400]: LP
	bnd = 38400.000000
	its = 1
	hyp = 1573 / 5318
	cut = 230000
6383836 [0, 38400]: LP
	bnd = 38400.000000
	its = 1
	hyp = 1573 / 5318
	cut = 230078
6386740 [0, 38400]: LP
	bnd = 38400.000000
	its = 1
	hyp = 1573 / 5318
	cut = 230156
6389451 [0, 38400]: LP
	bnd = 38400.000000
	its = 1
	hyp = 1573 / 5318
	cut = 230234
6392183 [0, 38400]: LP
	bnd = 38400.000000
	its = 1
	hyp = 1573 / 5318
	cut = 230312
6394917 [0, 38400]: LP
	bnd = 38400.000000
	its = 1
	hyp = 1573 / 5318
	cut = 230390
6397652 [0, 38400]: LP
	bnd = 38400.000000
	its = 1
	hyp = 1573 / 5318
	cut = 230468
6400559 [0, 38400]: LP
	bnd = 38400.000000
	its = 1
	hyp = 1573 / 5318
	cut = 230546
6403306 [0, 38400]: LP
	bnd = 38400.000000
	its = 1
	hyp = 1573 / 5318
	cut = 230624
6406050 [0, 38400]: LP
	bnd = 38400.000000
	its = 1
	hyp = 1573 / 5318
	cut = 230702
6408810 [0, 38400]: LP
	bnd = 38400.000000
	its = 1
	hyp = 1573 / 5318
	cut = 230780
6411552 [0, 38400]: LP
	bnd = 38400.000000
	its = 1
	hyp = 1573 / 5318
	cut = 230858
6414301 [0, 38400]: LP
	bnd = 38400.000000
	its = 1
	hyp = 1573 / 5318
	cut = 230936
6417060 [0, 38400]: LP
	bnd = 38400.000000
	its = 1
	hyp = 1573 / 5318
	cut = 231014
6419810 [0, 38400]: LP
	bnd = 38400.000000
	its = 1
	hyp = 1573 / 5318
	cut = 231092
6422566 [0, 38400]: LP
	bnd = 38400.000000
	its = 1
	hyp = 1573 / 5318
	cut = 231170
6425308 [0, 38400]: LP
	bnd = 38400.000000
	its = 1
	hyp = 1573 / 5318
	cut = 231248
6428074 [0, 38400]: LP
	bnd = 38400.000000
	its = 1
	hyp = 1573 / 5318
	cut = 231326
6430859 [0, 38400]: LP
	bnd = 38400.000000
	its = 1
	hyp = 1573 / 5318
	cut = 231404
6433624 [0, 38400]: LP
	bnd = 38400.000000
	its = 1
	hyp = 1573 / 5318
	cut = 231482
6436367 [0, 38400]: LP
	bnd = 38400.000000
	its = 1
	hyp = 1573 / 5318
	cut = 231560
6439113 [0, 38400]: LP
	bnd = 38400.000000
	its = 1
	hyp = 1573 / 5318
	cut = 231638
6441839 [0, 38400]: LP
	bnd = 38400.000000
	its = 1
	hyp = 1573 / 5318
	cut = 231716
6444582 [0, 38400]: LP
	bnd = 38400.000000
	its = 1
	hyp = 1573 / 5318
	cut = 231794
6447254 [0, 38400]: LP
	bnd = 38400.000000
	its = 1
	hyp = 1573 / 5318
	cut = 231872
6450026 [0, 38400]: LP
	bnd = 38400.000000
	its = 1
	hyp = 1573 / 5318
	cut = 231950
6452773 [0, 38400]: LP
	bnd = 38400.000000
	its = 1
	hyp = 1573 / 5318
	cut = 232028
6455476 [0, 38400]: LP
	bnd = 38400.000000
	its = 1
	hyp = 1573 / 5318
	cut = 232106
6458229 [0, 38400]: LP
	bnd = 38400.000000
	its = 1
	hyp = 1573 / 5318
	cut = 232184
6460986 [0, 38400]: LP
	bnd = 38400.000000
	its = 1
	hyp = 1573 / 5318
	cut = 232262
6463754 [0, 38400]: LP
	bnd = 38400.000000
	its = 1
	hyp = 1573 / 5318
	cut = 232340
6466499 [0, 38400]: LP
	bnd = 38400.000000
	its = 1
	hyp = 1573 / 5318
	cut = 232418
6469259 [0, 38400]: LP
	bnd = 38400.000000
	its = 1
	hyp = 1573 / 5318
	cut = 232496
6472018 [0, 38400]: LP
	bnd = 38400.000000
	its = 1
	hyp = 1573 / 5318
	cut = 232574
6474795 [0, 38400]: LP
	bnd = 38400.000000
	its = 1
	hyp = 1573 / 5318
	cut = 232652
6477566 [0, 38400]: LP
	bnd = 38400.000000
	its = 1
	hyp = 1573 / 5318
	cut = 232730
6480345 [0, 38400]: LP
	bnd = 38400.000000
	its = 1
	hyp = 1573 / 5318
	cut = 232808
6483109 [0, 38400]: LP
	bnd = 38400.000000
	its = 1
	hyp = 1573 / 5318
	cut = 232886
6485877 [0, 38400]: LP
	bnd = 38400.000000
	its = 1
	hyp = 1573 / 5318
	cut = 232964
6488646 [0, 38400]: LP
	bnd = 38400.000000
	its = 1
	hyp = 1573 / 5318
	cut = 233042
6491423 [0, 38400]: LP
	bnd = 38400.000000
	its = 1
	hyp = 1573 / 5318
	cut = 233120
6494197 [0, 38400]: LP
	bnd = 38400.000000
	its = 1
	hyp = 1573 / 5318
	cut = 233198
6496961 [0, 38400]: LP
	bnd = 38400.000000
	its = 1
	hyp = 1573 / 5318
	cut = 233276
6499714 [0, 38400]: LP
	bnd = 38400.000000
	its = 1
	hyp = 1573 / 5318
	cut = 233354
6502480 [0, 38400]: LP
	bnd = 38400.000000
	its = 1
	hyp = 1573 / 5318
	cut = 233432
6505252 [0, 38400]: LP
	bnd = 38400.000000
	its = 1
	hyp = 1573 / 5318
	cut = 233510
6508037 [0, 38400]: LP
	bnd = 38400.000000
	its = 1
	hyp = 1573 / 5318
	cut = 233588
6510830 [0, 38400]: LP
	bnd = 38400.000000
	its = 1
	hyp = 1573 / 5318
	cut = 233666
6513630 [0, 38400]: LP
	bnd = 38400.000000
	its = 1
	hyp = 1573 / 5318
	cut = 233744
6516407 [0, 38400]: LP
	bnd = 38400.000000
	its = 1
	hyp = 1573 / 5318
	cut = 233822
6519345 [0, 38400]: LP
	bnd = 38400.000000
	its = 1
	hyp = 1573 / 5318
	cut = 233900
6522132 [0, 38400]: LP
	bnd = 38400.000000
	its = 1
	hyp = 1573 / 5318
	cut = 233978
6524923 [0, 38400]: LP
	bnd = 38400.000000
	its = 1
	hyp = 1573 / 5318
	cut = 234056
6527746 [0, 38400]: LP
	bnd = 38400.000000
	its = 1
	hyp = 1573 / 5318
	cut = 234134
6530533 [0, 38400]: LP
	bnd = 38400.000000
	its = 1
	hyp = 1573 / 5318
	cut = 234212
6533490 [0, 38400]: LP
	bnd = 38400.000000
	its = 1
	hyp = 1573 / 5318
	cut = 234290
6536297 [0, 38400]: LP
	bnd = 38400.000000
	its = 1
	hyp = 1573 / 5318
	cut = 234368
6539096 [0, 38400]: LP
	bnd = 38400.000000
	its = 1
	hyp = 1573 / 5318
	cut = 234446
6541907 [0, 38400]: LP
	bnd = 38400.000000
	its = 1
	hyp = 1573 / 5318
	cut = 234524
6544727 [0, 38400]: LP
	bnd = 38400.000000
	its = 1
	hyp = 1573 / 5318
	cut = 234602
6547679 [0, 38400]: LP
	bnd = 38400.000000
	its = 1
	hyp = 1573 / 5318
	cut = 234680
6550467 [0, 38400]: LP
	bnd = 38400.000000
	its = 1
	hyp = 1573 / 5318
	cut = 234758
6553299 [0, 38400]: LP
	bnd = 38400.000000
	its = 1
	hyp = 1573 / 5318
	cut = 234836
6556122 [0, 38400]: LP
	bnd = 38400.000000
	its = 1
	hyp = 1573 / 5318
	cut = 234914
6558906 [0, 38400]: LP
	bnd = 38400.000000
	its = 1
	hyp = 1573 / 5318
	cut = 234992
6561730 [0, 38400]: LP
	bnd = 38400.000000
	its = 1
	hyp = 1573 / 5318
	cut = 235070
6564566 [0, 38400]: LP
	bnd = 38400.000000
	its = 1
	hyp = 1573 / 5318
	cut = 235148
6567392 [0, 38400]: LP
	bnd = 38400.000000
	its = 1
	hyp = 1573 / 5318
	cut = 235226
6570246 [0, 38400]: LP
	bnd = 38400.000000
	its = 1
	hyp = 1573 / 5318
	cut = 235304
6573077 [0, 38400]: LP
	bnd = 38400.000000
	its = 1
	hyp = 1573 / 5318
	cut = 235382
6575914 [0, 38400]: LP
	bnd = 38400.000000
	its = 1
	hyp = 1573 / 5318
	cut = 235460
6578778 [0, 38400]: LP
	bnd = 38400.000000
	its = 1
	hyp = 1573 / 5318
	cut = 235538
6581618 [0, 38400]: LP
	bnd = 38400.000000
	its = 1
	hyp = 1573 / 5318
	cut = 235616
6584520 [0, 38400]: LP
	bnd = 38400.000000
	its = 1
	hyp = 1573 / 5318
	cut = 235694
6587283 [0, 38400]: LP
	bnd = 38400.000000
	its = 1
	hyp = 1573 / 5318
	cut = 235772
6590060 [0, 38400]: LP
	bnd = 38400.000000
	its = 1
	hyp = 1573 / 5318
	cut = 235850
6592881 [0, 38400]: LP
	bnd = 38400.000000
	its = 1
	hyp = 1573 / 5318
	cut = 235928
6595720 [0, 38400]: LP
	bnd = 38400.000000
	its = 1
	hyp = 1573 / 5318
	cut = 236006
6598536 [0, 38400]: LP
	bnd = 38400.000000
	its = 1
	hyp = 1573 / 5318
	cut = 236084
6601340 [0, 38400]: LP
	bnd = 38400.000000
	its = 1
	hyp = 1573 / 5318
	cut = 236162
6604159 [0, 38400]: LP
	bnd = 38400.000000
	its = 1
	hyp = 1573 / 5318
	cut = 236240
6606981 [0, 38400]: LP
	bnd = 38400.000000
	its = 1
	hyp = 1573 / 5318
	cut = 236318
6609799 [0, 38400]: LP
	bnd = 38400.000000
	its = 1
	hyp = 1573 / 5318
	cut = 236396
6612620 [0, 38400]: LP
	bnd = 38400.000000
	its = 1
	hyp = 1573 / 5318
	cut = 236474
6615452 [0, 38400]: LP
	bnd = 38400.000000
	its = 1
	hyp = 1573 / 5318
	cut = 236552
6618303 [0, 38400]: LP
	bnd = 38400.000000
	its = 1
	hyp = 1573 / 5318
	cut = 236630
6621163 [0, 38400]: LP
	bnd = 38400.000000
	its = 1
	hyp = 1573 / 5318
	cut = 236708
6623996 [0, 38400]: LP
	bnd = 38400.000000
	its = 1
	hyp = 1573 / 5318
	cut = 236786
6626841 [0, 38400]: LP
	bnd = 38400.000000
	its = 1
	hyp = 1573 / 5318
	cut = 236864
6629687 [0, 38400]: LP
	bnd = 38400.000000
	its = 1
	hyp = 1573 / 5318
	cut = 236942
6632511 [0, 38400]: LP
	bnd = 38400.000000
	its = 1
	hyp = 1573 / 5318
	cut = 237020
6635357 [0, 38400]: LP
	bnd = 38400.000000
	its = 1
	hyp = 1573 / 5318
	cut = 237098
6638153 [0, 38400]: LP
	bnd = 38400.000000
	its = 1
	hyp = 1573 / 5318
	cut = 237176
6640972 [0, 38400]: LP
	bnd = 38400.000000
	its = 1
	hyp = 1573 / 5318
	cut = 237254
6643834 [0, 38400]: LP
	bnd = 38400.000000
	its = 1
	hyp = 1573 / 5318
	cut = 237332
6646699 [0, 38400]: LP
	bnd = 38400.000000
	its = 1
	hyp = 1573 / 5318
	cut = 237410
6649533 [0, 38400]: LP
	bnd = 38400.000000
	its = 1
	hyp = 1573 / 5318
	cut = 237488
6652370 [0, 38400]: LP
	bnd = 38400.000000
	its = 1
	hyp = 1573 / 5318
	cut = 237566
6655207 [0, 38400]: LP
	bnd = 38400.000000
	its = 1
	hyp = 1573 / 5318
	cut = 237644
6658042 [0, 38400]: LP
	bnd = 38400.000000
	its = 1
	hyp = 1573 / 5318
	cut = 237722
6660860 [0, 38400]: LP
	bnd = 38400.000000
	its = 1
	hyp = 1573 / 5318
	cut = 237800
6663687 [0, 38400]: LP
	bnd = 38400.000000
	its = 1
	hyp = 1573 / 5318
	cut = 237878
6666541 [0, 38400]: LP
	bnd = 38400.000000
	its = 1
	hyp = 1573 / 5318
	cut = 237956
6669527 [0, 38400]: LP
	bnd = 38400.000000
	its = 1
	hyp = 1573 / 5318
	cut = 238034
6672381 [0, 38400]: LP
	bnd = 38400.000000
	its = 1
	hyp = 1573 / 5318
	cut = 238112
6675242 [0, 38400]: LP
	bnd = 38400.000000
	its = 1
	hyp = 1573 / 5318
	cut = 238190
6678084 [0, 38400]: LP
	bnd = 38400.000000
	its = 1
	hyp = 1573 / 5318
	cut = 238268
6680895 [0, 38400]: LP
	bnd = 38400.000000
	its = 1
	hyp = 1573 / 5318
	cut = 238346
6683913 [0, 38400]: LP
	bnd = 38400.000000
	its = 1
	hyp = 1573 / 5318
	cut = 238424
6686785 [0, 38400]: LP
	bnd = 38400.000000
	its = 1
	hyp = 1573 / 5318
	cut = 238502
6689629 [0, 38400]: LP
	bnd = 38400.000000
	its = 1
	hyp = 1573 / 5318
	cut = 238580
6692476 [0, 38400]: LP
	bnd = 38400.000000
	its = 1
	hyp = 1573 / 5318
	cut = 238658
6695315 [0, 38400]: LP
	bnd = 38400.000000
	its = 1
	hyp = 1573 / 5318
	cut = 238736
6698294 [0, 38400]: LP
	bnd = 38400.000000
	its = 1
	hyp = 1573 / 5318
	cut = 238814
6701096 [0, 38400]: LP
	bnd = 38400.000000
	its = 1
	hyp = 1573 / 5318
	cut = 238892
6703918 [0, 38400]: LP
	bnd = 38400.000000
	its = 1
	hyp = 1573 / 5318
	cut = 238970
6706741 [0, 38400]: LP
	bnd = 38400.000000
	its = 1
	hyp = 1573 / 5318
	cut = 239048
6709559 [0, 38400]: LP
	bnd = 38400.000000
	its = 1
	hyp = 1573 / 5318
	cut = 239126
6712543 [0, 38400]: LP
	bnd = 38400.000000
	its = 1
	hyp = 1573 / 5318
	cut = 239204
6715377 [0, 38400]: LP
	bnd = 38400.000000
	its = 1
	hyp = 1573 / 5318
	cut = 239282
6718185 [0, 38400]: LP
	bnd = 38400.000000
	its = 1
	hyp = 1573 / 5318
	cut = 239360
6721030 [0, 38400]: LP
	bnd = 38400.000000
	its = 1
	hyp = 1573 / 5318
	cut = 239438
6723854 [0, 38400]: LP
	bnd = 38400.000000
	its = 1
	hyp = 1573 / 5318
	cut = 239516
6726686 [0, 38400]: LP
	bnd = 38400.000000
	its = 1
	hyp = 1573 / 5318
	cut = 239594
6729456 [0, 38400]: LP
	bnd = 38400.000000
	its = 1
	hyp = 1573 / 5318
	cut = 239672
6732358 [0, 38400]: LP
	bnd = 38400.000000
	its = 1
	hyp = 1573 / 5318
	cut = 239750
6735210 [0, 38400]: LP
	bnd = 38400.000000
	its = 1
	hyp = 1573 / 5318
	cut = 239828
6738076 [0, 38400]: LP
	bnd = 38400.000000
	its = 1
	hyp = 1573 / 5318
	cut = 239906
6740958 [0, 38400]: LP
	bnd = 38400.000000
	its = 1
	hyp = 1573 / 5318
	cut = 239984
6743803 [0, 38400]: LP
	bnd = 38400.000000
	its = 1
	hyp = 1573 / 5318
	cut = 240062
6746665 [0, 38400]: LP
	bnd = 38400.000000
	its = 1
	hyp = 1573 / 5318
	cut = 240140
6749524 [0, 38400]: LP
	bnd = 38400.000000
	its = 1
	hyp = 1573 / 5318
	cut = 240218
6752358 [0, 38400]: LP
	bnd = 38400.000000
	its = 1
	hyp = 1573 / 5318
	cut = 240296
6755210 [0, 38400]: LP
	bnd = 38400.000000
	its = 1
	hyp = 1573 / 5318
	cut = 240374
6758081 [0, 38400]: LP
	bnd = 38400.000000
	its = 1
	hyp = 1573 / 5318
	cut = 240452
6760936 [0, 38400]: LP
	bnd = 38400.000000
	its = 1
	hyp = 1573 / 5318
	cut = 240530
6763793 [0, 38400]: LP
	bnd = 38400.000000
	its = 1
	hyp = 1573 / 5318
	cut = 240608
6766626 [0, 38400]: LP
	bnd = 38400.000000
	its = 1
	hyp = 1573 / 5318
	cut = 240686
6769495 [0, 38400]: LP
	bnd = 38400.000000
	its = 1
	hyp = 1573 / 5318
	cut = 240764
6772366 [0, 38400]: LP
	bnd = 38400.000000
	its = 1
	hyp = 1573 / 5318
	cut = 240842
6775268 [0, 38400]: LP
	bnd = 38400.000000
	its = 1
	hyp = 1573 / 5318
	cut = 240920
6778139 [0, 38400]: LP
	bnd = 38400.000000
	its = 1
	hyp = 1573 / 5318
	cut = 240998
6781007 [0, 38400]: LP
	bnd = 38400.000000
	its = 1
	hyp = 1573 / 5318
	cut = 241076
6783829 [0, 38400]: LP
	bnd = 38400.000000
	its = 1
	hyp = 1573 / 5318
	cut = 241154
6786689 [0, 38400]: LP
	bnd = 38400.000000
	its = 1
	hyp = 1573 / 5318
	cut = 241232
6789549 [0, 38400]: LP
	bnd = 38400.000000
	its = 1
	hyp = 1573 / 5318
	cut = 241310
6792438 [0, 38400]: LP
	bnd = 38400.000000
	its = 1
	hyp = 1573 / 5318
	cut = 241388
6795228 [0, 38400]: LP
	bnd = 38400.000000
	its = 1
	hyp = 1573 / 5318
	cut = 241466
6798111 [0, 38400]: LP
	bnd = 38400.000000
	its = 1
	hyp = 1573 / 5318
	cut = 241544
6800965 [0, 38400]: LP
	bnd = 38400.000000
	its = 1
	hyp = 1573 / 5318
	cut = 241622
6803843 [0, 38400]: LP
	bnd = 38400.000000
	its = 1
	hyp = 1573 / 5318
	cut = 241700
6806740 [0, 38400]: LP
	bnd = 38400.000000
	its = 1
	hyp = 1573 / 5318
	cut = 241778
6809626 [0, 38400]: LP
	bnd = 38400.000000
	its = 1
	hyp = 1573 / 5318
	cut = 241856
6812502 [0, 38400]: LP
	bnd = 38400.000000
	its = 1
	hyp = 1573 / 5318
	cut = 241934
6815518 [0, 38400]: LP
	bnd = 38400.000000
	its = 1
	hyp = 1573 / 5318
	cut = 242012
6818419 [0, 38400]: LP
	bnd = 38400.000000
	its = 1
	hyp = 1573 / 5318
	cut = 242090
6821326 [0, 38400]: LP
	bnd = 38400.000000
	its = 1
	hyp = 1573 / 5318
	cut = 242168
6824342 [0, 38400]: LP
	bnd = 38400.000000
	its = 1
	hyp = 1573 / 5318
	cut = 242246
6827207 [0, 38400]: LP
	bnd = 38400.000000
	its = 1
	hyp = 1573 / 5318
	cut = 242324
6830073 [0, 38400]: LP
	bnd = 38400.000000
	its = 1
	hyp = 1573 / 5318
	cut = 242402
6832958 [0, 38400]: LP
	bnd = 38400.000000
	its = 1
	hyp = 1573 / 5318
	cut = 242480
6835869 [0, 38400]: LP
	bnd = 38400.000000
	its = 1
	hyp = 1573 / 5318
	cut = 242558
6838735 [0, 38400]: LP
	bnd = 38400.000000
	its = 1
	hyp = 1573 / 5318
	cut = 242636
6841584 [0, 38400]: LP
	bnd = 38400.000000
	its = 1
	hyp = 1573 / 5318
	cut = 242714
6844420 [0, 38400]: LP
	bnd = 38400.000000
	its = 1
	hyp = 1573 / 5318
	cut = 242792
6847423 [0, 38400]: LP
	bnd = 38400.000000
	its = 1
	hyp = 1573 / 5318
	cut = 242870
6850570 [0, 38400]: LP
	bnd = 38400.000000
	its = 1
	hyp = 1573 / 5318
	cut = 242948
6853449 [0, 38400]: LP
	bnd = 38400.000000
	its = 1
	hyp = 1573 / 5318
	cut = 243026
6856321 [0, 38400]: LP
	bnd = 38400.000000
	its = 1
	hyp = 1573 / 5318
	cut = 243104
6859231 [0, 38400]: LP
	bnd = 38400.000000
	its = 1
	hyp = 1573 / 5318
	cut = 243182
6862128 [0, 38400]: LP
	bnd = 38400.000000
	its = 1
	hyp = 1573 / 5318
	cut = 243260
6865413 [0, 38400]: LP
	bnd = 38400.000000
	its = 1
	hyp = 1573 / 5318
	cut = 243338
6868604 [0, 38400]: LP
	bnd = 38400.000000
	its = 1
	hyp = 1573 / 5318
	cut = 243416
6871826 [0, 38400]: LP
	bnd = 38400.000000
	its = 1
	hyp = 1573 / 5318
	cut = 243494
6875018 [0, 38400]: LP
	bnd = 38400.000000
	its = 1
	hyp = 1573 / 5318
	cut = 243572
6878223 [0, 38400]: LP
	bnd = 38400.000000
	its = 1
	hyp = 1573 / 5318
	cut = 243650
6881619 [0, 38400]: LP
	bnd = 38400.000000
	its = 1
	hyp = 1573 / 5318
	cut = 243728
6884808 [0, 38400]: LP
	bnd = 38400.000000
	its = 1
	hyp = 1573 / 5318
	cut = 243806
6888005 [0, 38400]: LP
	bnd = 38400.000000
	its = 1
	hyp = 1573 / 5318
	cut = 243884
6891210 [0, 38400]: LP
	bnd = 38400.000000
	its = 1
	hyp = 1573 / 5318
	cut = 243962
6894409 [0, 38400]: LP
	bnd = 38400.000000
	its = 1
	hyp = 1573 / 5318
	cut = 244040
6897630 [0, 38400]: LP
	bnd = 38400.000000
	its = 1
	hyp = 1573 / 5318
	cut = 244118
6900913 [0, 38400]: LP
	bnd = 38400.000000
	its = 1
	hyp = 1573 / 5318
	cut = 244196
6904108 [0, 38400]: LP
	bnd = 38400.000000
	its = 1
	hyp = 1573 / 5318
	cut = 244274
6907312 [0, 38400]: LP
	bnd = 38400.000000
	its = 1
	hyp = 1573 / 5318
	cut = 244352
6910604 [0, 38400]: LP
	bnd = 38400.000000
	its = 1
	hyp = 1573 / 5318
	cut = 244430
6913826 [0, 38400]: LP
	bnd = 38400.000000
	its = 1
	hyp = 1573 / 5318
	cut = 244508
6917046 [0, 38400]: LP
	bnd = 38400.000000
	its = 1
	hyp = 1573 / 5318
	cut = 244586
6920452 [0, 38400]: LP
	bnd = 38400.000000
	its = 1
	hyp = 1573 / 5318
	cut = 244664
6923698 [0, 38400]: LP
	bnd = 38400.000000
	its = 1
	hyp = 1573 / 5318
	cut = 244742
6926921 [0, 38400]: LP
	bnd = 38400.000000
	its = 1
	hyp = 1573 / 5318
	cut = 244820
6930120 [0, 38400]: LP
	bnd = 38400.000000
	its = 1
	hyp = 1573 / 5318
	cut = 244898
6933331 [0, 38400]: LP
	bnd = 38400.000000
	its = 1
	hyp = 1573 / 5318
	cut = 244976
6936560 [0, 38400]: LP
	bnd = 38400.000000
	its = 1
	hyp = 1573 / 5318
	cut = 245054
6939794 [0, 38400]: LP
	bnd = 38400.000000
	its = 1
	hyp = 1573 / 5318
	cut = 245132
6943015 [0, 38400]: LP
	bnd = 38400.000000
	its = 1
	hyp = 1573 / 5318
	cut = 245210
6946230 [0, 38400]: LP
	bnd = 38400.000000
	its = 1
	hyp = 1573 / 5318
	cut = 245288
6949440 [0, 38400]: LP
	bnd = 38400.000000
	its = 1
	hyp = 1573 / 5318
	cut = 245366
6952674 [0, 38400]: LP
	bnd = 38400.000000
	its = 1
	hyp = 1573 / 5318
	cut = 245444
6955913 [0, 38400]: LP
	bnd = 38400.000000
	its = 1
	hyp = 1573 / 5318
	cut = 245522
6959173 [0, 38400]: LP
	bnd = 38400.000000
	its = 1
	hyp = 1573 / 5318
	cut = 245600
6962392 [0, 38400]: LP
	bnd = 38400.000000
	its = 1
	hyp = 1573 / 5318
	cut = 245678
6965632 [0, 38400]: LP
	bnd = 38400.000000
	its = 1
	hyp = 1573 / 5318
	cut = 245756
6968902 [0, 38400]: LP
	bnd = 38400.000000
	its = 1
	hyp = 1573 / 5318
	cut = 245834
6972098 [0, 38400]: LP
	bnd = 38400.000000
	its = 1
	hyp = 1573 / 5318
	cut = 245912
6975627 [0, 38400]: LP
	bnd = 38400.000000
	its = 1
	hyp = 1573 / 5318
	cut = 245990
6978866 [0, 38400]: LP
	bnd = 38400.000000
	its = 1
	hyp = 1573 / 5318
	cut = 246068
6982075 [0, 38400]: LP
	bnd = 38400.000000
	its = 1
	hyp = 1573 / 5318
	cut = 246146
6985296 [0, 38400]: LP
	bnd = 38400.000000
	its = 1
	hyp = 1573 / 5318
	cut = 246224
6988642 [0, 38400]: LP
	bnd = 38400.000000
	its = 1
	hyp = 1573 / 5318
	cut = 246302
6991865 [0, 38400]: LP
	bnd = 38400.000000
	its = 1
	hyp = 1573 / 5318
	cut = 246380
6995097 [0, 38400]: LP
	bnd = 38400.000000
	its = 1
	hyp = 1573 / 5318
	cut = 246458
6998325 [0, 38400]: LP
	bnd = 38400.000000
	its = 1
	hyp = 1573 / 5318
	cut = 246536
7001561 [0, 38400]: LP
	bnd = 38400.000000
	its = 1
	hyp = 1573 / 5318
	cut = 246614
7004812 [0, 38400]: LP
	bnd = 38400.000000
	its = 1
	hyp = 1573 / 5318
	cut = 246692
7008069 [0, 38400]: LP
	bnd = 38400.000000
	its = 1
	hyp = 1573 / 5318
	cut = 246770
7011307 [0, 38400]: LP
	bnd = 38400.000000
	its = 1
	hyp = 1573 / 5318
	cut = 246848
7014550 [0, 38400]: LP
	bnd = 38400.000000
	its = 1
	hyp = 1573 / 5318
	cut = 246926
7017486 [0, 38400]: LP
	bnd = 38400.000000
	its = 1
	hyp = 1573 / 5318
	cut = 247004
7020374 [0, 38400]: LP
	bnd = 38400.000000
	its = 1
	hyp = 1573 / 5318
	cut = 247082
7023280 [0, 38400]: LP
	bnd = 38400.000000
	its = 1
	hyp = 1573 / 5318
	cut = 247160
7026197 [0, 38400]: LP
	bnd = 38400.000000
	its = 1
	hyp = 1573 / 5318
	cut = 247238
7029116 [0, 38400]: LP
	bnd = 38400.000000
	its = 1
	hyp = 1573 / 5318
	cut = 247316
7032043 [0, 38400]: LP
	bnd = 38400.000000
	its = 1
	hyp = 1573 / 5318
	cut = 247394
7034971 [0, 38400]: LP
	bnd = 38400.000000
	its = 1
	hyp = 1573 / 5318
	cut = 247472
7037914 [0, 38400]: LP
	bnd = 38400.000000
	its = 1
	hyp = 1573 / 5318
	cut = 247550
7040857 [0, 38400]: LP
	bnd = 38400.000000
	its = 1
	hyp = 1573 / 5318
	cut = 247628
7043804 [0, 38400]: LP
	bnd = 38400.000000
	its = 1
	hyp = 1573 / 5318
	cut = 247706
7046759 [0, 38400]: LP
	bnd = 38400.000000
	its = 1
	hyp = 1573 / 5318
	cut = 247784
7049739 [0, 38400]: LP
	bnd = 38400.000000
	its = 1
	hyp = 1573 / 5318
	cut = 247862
7052729 [0, 38400]: LP
	bnd = 38400.000000
	its = 1
	hyp = 1573 / 5318
	cut = 247940
7055682 [0, 38400]: LP
	bnd = 38400.000000
	its = 1
	hyp = 1573 / 5318
	cut = 248018
7058638 [0, 38400]: LP
	bnd = 38400.000000
	its = 1
	hyp = 1573 / 5318
	cut = 248096
7061597 [0, 38400]: LP
	bnd = 38400.000000
	its = 1
	hyp = 1573 / 5318
	cut = 248174
7064570 [0, 38400]: LP
	bnd = 38400.000000
	its = 1
	hyp = 1573 / 5318
	cut = 248252
7067550 [0, 38400]: LP
	bnd = 38400.000000
	its = 1
	hyp = 1573 / 5318
	cut = 248330
7070557 [0, 38400]: LP
	bnd = 38400.000000
	its = 1
	hyp = 1573 / 5318
	cut = 248408
7073507 [0, 38400]: LP
	bnd = 38400.000000
	its = 1
	hyp = 1573 / 5318
	cut = 248486
7076444 [0, 38400]: LP
	bnd = 38400.000000
	its = 1
	hyp = 1573 / 5318
	cut = 248564
7079398 [0, 38400]: LP
	bnd = 38400.000000
	its = 1
	hyp = 1573 / 5318
	cut = 248642
7082352 [0, 38400]: LP
	bnd = 38400.000000
	its = 1
	hyp = 1573 / 5318
	cut = 248720
7085330 [0, 38400]: LP
	bnd = 38400.000000
	its = 1
	hyp = 1573 / 5318
	cut = 248798
7088322 [0, 38400]: LP
	bnd = 38400.000000
	its = 1
	hyp = 1573 / 5318
	cut = 248876
7091307 [0, 38400]: LP
	bnd = 38400.000000
	its = 1
	hyp = 1573 / 5318
	cut = 248954
7094290 [0, 38400]: LP
	bnd = 38400.000000
	its = 1
	hyp = 1573 / 5318
	cut = 249032
7097247 [0, 38400]: LP
	bnd = 38400.000000
	its = 1
	hyp = 1573 / 5318
	cut = 249110
7100207 [0, 38400]: LP
	bnd = 38400.000000
	its = 1
	hyp = 1573 / 5318
	cut = 249188
7103200 [0, 38400]: LP
	bnd = 38400.000000
	its = 1
	hyp = 1573 / 5318
	cut = 249266
7106177 [0, 38400]: LP
	bnd = 38400.000000
	its = 1
	hyp = 1573 / 5318
	cut = 249344
7109146 [0, 38400]: LP
	bnd = 38400.000000
	its = 1
	hyp = 1573 / 5318
	cut = 249422
7112121 [0, 38400]: LP
	bnd = 38400.000000
	its = 1
	hyp = 1573 / 5318
	cut = 249500
7115107 [0, 38400]: LP
	bnd = 38400.000000
	its = 1
	hyp = 1573 / 5318
	cut = 249578
7118098 [0, 38400]: LP
	bnd = 38400.000000
	its = 1
	hyp = 1573 / 5318
	cut = 249656
7121093 [0, 38400]: LP
	bnd = 38400.000000
	its = 1
	hyp = 1573 / 5318
	cut = 249734
7124111 [0, 38400]: LP
	bnd = 38400.000000
	its = 1
	hyp = 1573 / 5318
	cut = 249812
7127078 [0, 38400]: LP
	bnd = 38400.000000
	its = 1
	hyp = 1573 / 5318
	cut = 249890
7130078 [0, 38400]: LP
	bnd = 38400.000000
	its = 1
	hyp = 1573 / 5318
	cut = 249968
7133056 [0, 38400]: LP
	bnd = 38400.000000
	its = 1
	hyp = 1573 / 5318
	cut = 250046
7136060 [0, 38400]: LP
	bnd = 38400.000000
	its = 1
	hyp = 1573 / 5318
	cut = 250124
7139038 [0, 38400]: LP
	bnd = 38400.000000
	its = 1
	hyp = 1573 / 5318
	cut = 250202
7142051 [0, 38400]: LP
	bnd = 38400.000000
	its = 1
	hyp = 1573 / 5318
	cut = 250280
7145034 [0, 38400]: LP
	bnd = 38400.000000
	its = 1
	hyp = 1573 / 5318
	cut = 250358
7148018 [0, 38400]: LP
	bnd = 38400.000000
	its = 1
	hyp = 1573 / 5318
	cut = 250436
7150915 [0, 38400]: LP
	bnd = 38400.000000
	its = 1
	hyp = 1573 / 5318
	cut = 250514
7153922 [0, 38400]: LP
	bnd = 38400.000000
	its = 1
	hyp = 1573 / 5318
	cut = 250592
7156916 [0, 38400]: LP
	bnd = 38400.000000
	its = 1
	hyp = 1573 / 5318
	cut = 250670
7159923 [0, 38400]: LP
	bnd = 38400.000000
	its = 1
	hyp = 1573 / 5318
	cut = 250748
7162943 [0, 38400]: LP
	bnd = 38400.000000
	its = 1
	hyp = 1573 / 5318
	cut = 250826
7165937 [0, 38400]: LP
	bnd = 38400.000000
	its = 1
	hyp = 1573 / 5318
	cut = 250904
7168951 [0, 38400]: LP
	bnd = 38400.000000
	its = 1
	hyp = 1573 / 5318
	cut = 250982
7171968 [0, 38400]: LP
	bnd = 38400.000000
	its = 1
	hyp = 1573 / 5318
	cut = 251060
7174932 [0, 38400]: LP
	bnd = 38400.000000
	its = 1
	hyp = 1573 / 5318
	cut = 251138
7177941 [0, 38400]: LP
	bnd = 38400.000000
	its = 1
	hyp = 1573 / 5318
	cut = 251216
7180919 [0, 38400]: LP
	bnd = 38400.000000
	its = 1
	hyp = 1573 / 5318
	cut = 251294
7183907 [0, 38400]: LP
	bnd = 38400.000000
	its = 1
	hyp = 1573 / 5318
	cut = 251372
7186818 [0, 38400]: LP
	bnd = 38400.000000
	its = 1
	hyp = 1573 / 5318
	cut = 251450
7189758 [0, 38400]: LP
	bnd = 38400.000000
	its = 1
	hyp = 1573 / 5318
	cut = 251528
7192680 [0, 38400]: LP
	bnd = 38400.000000
	its = 1
	hyp = 1573 / 5318
	cut = 251606
7195589 [0, 38400]: LP
	bnd = 38400.000000
	its = 1
	hyp = 1573 / 5318
	cut = 251684
